,Mut_TP53,CNA_TP53,Methyl_TP53,Basal,Her2,LumA,LumB,Normal
A0AU-01A,0.0,-0.455429799426934,-1.692706,0,0,0,1,0
A1XM-01A,0.0,-0.497839143584846,-1.693316,0,0,1,0,0
A0WY-01A,0.0,-0.255630770455269,-1.737998,0,0,1,0,0
A1NA-01A,0.0,-0.714244786692136,-1.654669,0,0,0,1,0
A295-01A,0.0,-0.512408826806749,-1.616512,0,0,1,0,0
A4ZE-01A,0.0,-0.877063196434257,-1.564945,0,0,1,0,0
A256-01A,0.0,-0.531853510028653,-1.722251,1,0,0,0,0
A6IV-01A,0.0,-0.0059533190066857,-1.807784,0,0,1,0,0
A1J5-01A,0.0,-0.660591014008278,-1.619435,0,0,1,0,0
A5YO-01A,1.0,-0.122877507163324,-1.679986,0,1,0,0,0
A22D-01A,0.0,-0.485436604584527,-1.323767,0,0,0,1,0
A0JJ-01A,0.0,-0.285090456860872,-1.622538,0,0,1,0,0
A22A-01A,0.0,-0.390389724609997,-1.326654,0,0,0,1,0
A8LY-01A,0.0,-0.0024885784781916,-2.051914,0,0,0,0,1
A8OQ-01A,1.0,-0.202664358484559,-1.868699,1,0,0,0,0
A0H7-01A,1.0,-0.552938992359121,-1.655869,0,0,1,0,0
A1FV-01A,0.0,-0.972070081184336,-1.608522,0,0,1,0,0
A0T0-01A,0.0,-0.535943170964661,-1.781833,1,0,0,0,0
A0ST-01A,0.0,-0.0656186326010825,-1.675427,1,0,0,0,0
A2L8-01A,0.0,-0.0133072269977714,-1.636503,0,0,1,0,0
A1AQ-01A,0.0,-0.261037886023559,-1.677883,1,0,0,0,0
A6IX-01A,0.0,-0.437471983444763,-1.748186,0,0,1,0,0
A3TN-01A,0.0,-0.766647405284941,-1.629364,0,0,1,0,0
A24R-01A,0.0,-0.265504377586756,-1.613569,0,0,0,1,0
A1FC-01A,1.0,-0.390763729703916,-1.621479,1,0,0,0,0
A0JI-01A,0.0,0.0461920566698504,-1.607617,0,0,1,0,0
A5XS-01A,0.0,-0.0539924785100287,-1.717305,0,0,1,0,0
A15I-01A,0.0,-0.536980897803247,-1.649674,0,0,1,0,0
A3Y0-01A,1.0,-0.234684574976122,-1.759498,1,0,0,0,0
A1F2-01A,1.0,-0.520878064310729,-1.72194,0,0,0,1,0
A8R6-01A,1.0,-0.934170686087233,-1.69471,0,0,0,1,0
A0YJ-01A,1.0,0.0618386262336835,-1.736081,1,0,0,0,0
A73Z-01A,0.0,-0.166603072269978,-1.805018,0,0,0,0,1
A24M-01A,0.0,-0.0999590496657115,-1.691726,0,0,1,0,0
A1IN-01A,1.0,-0.177005133715377,-1.724189,0,0,1,0,0
A1KP-01A,0.0,0.0486506287806431,-1.629744,0,0,0,1,0
A0YC-01A,0.0,-0.829671163642152,-1.608452,0,0,1,0,0
A1PG-01A,0.0,-0.0374863896848138,-1.805297,0,0,0,0,1
A25D-01A,0.0,-0.584337511938873,-1.621468,0,0,1,0,0
A66I-01A,0.0,-0.330125994906081,-1.738756,1,0,0,0,0
A8FY-01A,0.0,-0.0775417462591531,-1.697407,0,0,1,0,0
A0SI-01A,1.0,-0.493445160776823,-1.701235,0,0,0,1,0
A228-01A,0.0,-0.726764963387456,-1.279043,0,0,0,1,0
A15J-01A,0.0,-0.0690698026106335,-1.736364,0,0,1,0,0
A250-01A,0.0,-0.523248845908946,-1.711595,0,0,0,1,0
A2FO-01A,0.0,0.0114806192295447,-1.631495,0,0,1,0,0
A1KR-01A,0.0,-0.430545009551098,-1.693072,1,0,0,0,0
A6ZH-01A,0.0,-0.815431988220312,-1.714467,0,0,1,0,0
A3U0-01A,0.0,0.609703438395416,-1.947412,1,0,0,0,0
A0XU-01A,0.0,-0.593684654568609,-1.63653,1,0,0,0,0
A5DC-01A,0.0,-0.586652658389048,-1.685697,0,0,1,0,0
A73W-01A,0.0,-0.666569444444444,-1.672315,0,0,1,0,0
A0H0-01A,0.0,-0.81595423432028,-1.540539,0,0,0,1,0
A0EU-01A,0.0,0.158251472461,-1.566954,0,0,1,0,0
A6R8-01A,0.0,-0.317388809296402,-1.662172,0,0,1,0,0
A0W3-01A,0.0,0.11384964979306,-1.509882,0,0,0,1,0
A3W5-01A,0.0,-1.36219241483604,-1.659404,0,1,0,0,0
A3DX-01A,0.0,0.0202755491881566,-1.626946,0,0,1,0,0
A1ET-01A,0.0,0.0075290512575612,-1.581461,0,0,1,0,0
A740-01A,0.0,-0.581958970073225,-1.649059,0,0,1,0,0
A25F-01A,0.0,-0.0258386262336835,-1.609267,1,0,0,0,0
A0SK-01A,1.0,-0.211410219675263,-2.07001,1,0,0,0,0
A2BK-01A,1.0,0.0266462909901305,-1.633007,1,0,0,0,0
A573-01A,1.0,-0.158156797198344,-1.810049,1,0,0,0,0
AAZ6-01A,0.0,-0.8147017669532,-1.588237,0,0,1,0,0
A13H-01A,0.0,-0.45393935052531,-1.764238,0,0,1,0,0
A1LG-01A,0.0,-0.585706741483604,-1.86168,1,0,0,0,0
A0XR-01A,0.0,-0.849484479465138,-1.480686,0,0,0,1,0
A0TP-01A,1.0,-0.843968600764088,-1.803439,1,0,0,0,0
A0CO-01A,0.0,-0.494660299267749,-1.663669,0,0,1,0,0
A1AW-01A,1.0,0.121975087551735,-1.613157,0,0,0,1,0
A1J2-01A,0.0,-0.282155483922318,-1.703137,0,0,1,0,0
A1OY-01A,1.0,-0.664457139446036,-1.693887,0,0,0,1,0
A0HP-01A,0.0,-0.468276544094237,-1.713246,0,0,1,0,0
A1Y2-01A,0.0,-0.450655006367399,-1.768767,0,0,0,1,0
A1AU-01A,0.0,-0.482147086914995,-1.843502,0,0,1,0,0
A0DH-01A,0.0,0.10311035498249,-1.608501,0,0,1,0,0
A1XY-01A,0.0,-0.519516276663483,-1.709258,0,0,1,0,0
A42U-01A,0.0,-0.0098208771092008,-1.916558,0,0,0,0,1
A275-01A,1.0,-0.678047835084368,-1.617266,0,1,0,0,0
A3QP-01A,0.0,-0.0002297039159503,-1.724347,0,0,1,0,0
A3OD-01A,1.0,-0.398128064310729,-1.705942,0,0,1,0,0
A6ZG-01A,0.0,0.125134391913403,-1.658797,0,0,1,0,0
A1LA-01A,0.0,-0.538713347659981,-1.67111,0,0,1,0,0
A1IK-01A,0.0,0.0034512098057943,-1.755244,0,0,1,0,0
AA10-01A,0.0,0.261911453358803,-1.775299,1,0,0,0,0
A26F-01A,1.0,-0.290069961795607,-1.628411,1,0,0,0,0
A25E-01A,0.0,-0.0985718720152818,-1.715302,0,0,0,1,0
A8HR-01A,0.0,0.0315858802929004,-1.717328,0,0,0,0,1
A3EH-01A,0.0,-0.791592924227953,-1.634834,0,0,1,0,0
A1AP-01A,1.0,0.136281240050939,-1.742763,0,0,1,0,0
A1J9-01A,1.0,-0.637555436166826,-1.684704,0,0,0,1,0
A0WV-01A,0.0,-0.584734917223814,-1.520479,0,0,0,1,0
A3RF-01A,0.0,0.002785617637695,-1.776848,0,0,1,0,0
A2DA-01A,0.0,-0.479739772365489,-1.646711,0,0,1,0,0
A1G0-01A,0.0,-0.691081741483604,-1.756119,0,0,1,0,0
A0XT-01A,1.0,-0.588328796561605,-1.861019,0,0,1,0,0
A226-01A,0.0,-0.595129417382999,-1.285072,0,0,0,1,0
A0X4-01A,0.0,-0.0239387535816619,-1.627367,0,0,1,0,0
A0E2-01A,0.0,-0.669911930913722,-1.690688,0,0,1,0,0
A0TZ-01A,0.0,-0.701695558739255,-1.556702,0,0,1,0,0
A1JD-01A,0.0,-0.752956462909901,-1.643075,0,0,0,1,0
A9QF-01A,0.0,-0.172142749124483,-1.714093,0,0,0,0,1
A0W4-01A,0.0,-0.507467725246737,-1.650646,0,0,1,0,0
A25B-01A,0.0,-0.694867080547596,-1.675223,0,0,0,1,0
A1AO-01A,0.0,-0.0406788443170965,-1.691177,0,0,0,0,1
A402-01A,0.0,-0.499298670805476,-1.947923,1,0,0,0,0
A1PB-01A,1.0,-0.285524912448265,-1.673177,1,0,0,0,0
A0RM-01A,0.0,-0.066529847182426,-1.618547,0,0,1,0,0
A8HP-01A,0.0,-0.20998117637695,-1.82073,0,1,0,0,0
A0W5-01A,0.0,-0.0298201209805794,-1.648477,0,0,1,0,0
A2KD-01A,0.0,-1.05593218720153,-1.655156,0,0,0,1,0
A1P0-01A,0.0,-0.177575652658389,-1.719063,0,0,0,1,0
A1HM-01A,1.0,-0.419914318688316,-1.598936,0,0,0,1,0
A0SH-01A,0.0,-0.473292581980261,-1.717485,0,0,1,0,0
A0E0-01A,1.0,-0.378360593759949,-1.628566,1,0,0,0,0
A201-01A,0.0,-0.464274315504616,-1.835829,0,0,1,0,0
A26J-01A,0.0,0.466620423432028,-1.712785,0,0,1,0,0
A66L-01A,0.0,0.0037755093919134,-1.688014,0,0,1,0,0
A0WT-01A,0.0,-0.0540440146450175,-1.66454,0,0,1,0,0
A0HI-01A,0.0,-0.0509658946195479,-1.534424,0,0,1,0,0
A26H-01A,0.0,-0.636314032155365,-1.66244,0,0,1,0,0
A1XA-01A,1.0,-0.598422317733206,-1.621632,0,0,1,0,0
A2LJ-01A,0.0,-0.463197548551417,-1.753828,0,0,1,0,0
A4SB-01A,0.0,-0.629316817892391,-1.678669,0,0,1,0,0
A8G0-01A,0.0,-0.002233723336517,-1.817007,0,0,1,0,0
A54N-01A,0.0,0.66699335402738,-1.978221,1,0,0,0,0
A1B1-01A,0.0,-0.189988299904489,-1.687742,0,0,1,0,0
A1F6-01A,1.0,-0.391243751989812,-1.717416,1,0,0,0,0
A2DC-01A,0.0,-0.761986270296084,-1.567322,0,0,1,0,0
A0A6-01A,0.0,-0.448663164597262,-1.647541,0,0,1,0,0
A1RD-01A,0.0,-0.0927280324737345,-1.334638,0,0,1,0,0
A075-01A,1.0,-0.512344754855142,-1.863474,0,0,0,1,0
A6VO-01A,1.0,0.175695120980579,-1.74157,1,0,0,0,0
A8FZ-01A,0.0,-0.346728987583572,-1.816718,0,0,0,0,1
A1EO-01A,0.0,-0.452592725246737,-1.616175,0,0,1,0,0
A3XN-01A,0.0,-0.0396144141992996,-1.696126,0,0,1,0,0
A576-01A,0.0,-0.590360195797517,-1.68754,0,0,1,0,0
A6VV-01A,1.0,-0.164799188156638,-1.807433,1,0,0,0,0
A0RI-01A,0.0,-0.810639963387456,-1.518967,0,0,1,0,0
A1XL-01A,1.0,-0.571316061763769,-1.662201,0,0,0,1,0
A1LI-01A,0.0,-0.212940862782553,-1.804347,1,0,0,0,0
AB44-01A,0.0,-0.167513650111429,-1.619077,0,0,1,0,0
A7VB-01A,0.0,-0.786500596943648,-1.706289,0,0,0,1,0
A0SV-01A,0.0,-0.600176018783827,-1.622654,0,0,0,1,0
A3ZX-01A,0.0,0.0959877029608405,-1.695661,1,0,0,0,0
A6FP-01A,0.0,0.0310465616045845,-1.664005,0,0,1,0,0
A1F0-01A,0.0,0.0243359996816301,-1.610125,1,0,0,0,0
A1X5-01A,1.0,-0.476888212352754,-1.632059,0,0,0,1,0
A0BJ-01A,0.0,-0.0207064629099013,-1.679765,0,0,1,0,0
A23C-01A,0.0,-0.465143744030564,-1.6122,0,0,1,0,0
A5ZX-01A,0.0,-0.387001034702324,-1.800876,0,0,1,0,0
A1P5-01A,0.0,-0.698730579433302,-1.632452,0,0,1,0,0
A0T4-01A,0.0,-0.451505651066539,-1.61423,0,0,1,0,0
A2IU-01A,0.0,-0.0934839621139764,-1.551416,0,0,1,0,0
A2JS-01A,0.0,-0.574427730022286,-1.704531,0,0,0,1,0
A1RA-01A,0.0,-0.263383198026106,-1.623465,0,0,1,0,0
A66U-01A,0.0,-0.0752441499522445,-1.766086,0,0,1,0,0
A400-01A,0.0,-0.222441977077364,-1.806999,1,0,0,0,0
A1IX-01A,0.0,0.0222079751671442,-1.674246,0,0,1,0,0
A3Z6-01A,0.0,-0.149180316778096,-1.738452,0,0,1,0,0
A3BB-01A,0.0,-0.178496895893028,-1.625466,0,0,1,0,0
A56Z-01A,0.0,-0.66454958611907,-1.66368,0,0,0,1,0
A3Q9-01A,0.0,-0.0365261063355619,-1.676646,0,0,1,0,0
A27M-01A,1.0,-0.274643982808023,-1.67433,1,0,0,0,0
A0TQ-01A,0.0,0.104083492518306,-1.611268,0,0,0,1,0
A1RH-01A,0.0,-0.330203915950334,-1.644569,0,1,0,0,0
A0RL-01A,0.0,-0.80069623527539,-1.633024,0,0,0,1,0
A0EP-01A,0.0,-0.0747462591531359,-1.685452,0,0,1,0,0
A1HL-01A,0.0,-0.614763092964024,-1.654308,0,0,0,1,0
AALK-01A,0.0,-0.684562599490608,-1.689856,0,0,1,0,0
A7W6-01A,0.0,-0.025290711556829,-1.788722,0,0,1,0,0
A27I-01A,0.0,-0.0182485673352436,-1.672115,0,0,1,0,0
A1KT-01A,0.0,0.0543123209169054,-1.714445,0,0,0,1,0
A24X-01A,0.0,-0.0347360315186246,-1.612078,0,0,1,0,0
A66P-01A,0.0,-0.111191101560013,-1.731083,0,1,0,0,0
A0GY-01A,1.0,-0.214226599808978,-1.595463,0,0,1,0,0
A27A-01A,1.0,-0.59001082457816,-1.775634,0,0,0,1,0
A1G6-01A,0.0,-0.0020902180834129,-1.923934,0,0,0,0,1
A2LK-01A,0.0,-0.27093405762496,-1.658537,0,0,0,1,0
A3W6-01A,0.0,-0.298998726520216,-1.688967,0,0,1,0,0
A3XL-01A,0.0,-0.451032274753263,-1.70377,1,0,0,0,0
A1XJ-01A,1.0,-0.649737424387138,-1.669594,0,1,0,0,0
AA11-01A,0.0,-0.0286156876790831,-1.670923,0,0,1,0,0
A3M7-01A,0.0,-0.338129775549188,-1.717755,0,0,1,0,0
A0Y5-01A,0.0,-0.407218958930277,-1.715645,0,0,1,0,0
A3HN-01A,0.0,0.0247012098057943,-1.674039,0,0,1,0,0
A0XS-01A,0.0,0.0940139684813754,-1.56691,0,0,1,0,0
A1ND-01A,1.0,-0.212261501114295,-1.653716,1,0,0,0,0
A2FB-01A,0.0,-0.22401094396689,-1.659779,0,0,1,0,0
A0RX-01A,0.0,0.0107000955109838,-1.640715,1,0,0,0,0
A1FL-01A,0.0,-0.012374323463865,-1.715238,0,0,1,0,0
A3XT-01A,1.0,-0.443328637376632,-1.811626,1,0,0,0,0
A0AZ-01A,0.0,-0.510811286214581,-1.702778,0,0,1,0,0
A1BC-01A,0.0,-0.526640520534861,-1.661629,0,0,1,0,0
A3Z5-01A,0.0,-0.0435687281120662,-1.792456,0,0,1,0,0
A0U0-01A,1.0,-0.0505554759630691,-1.626272,1,0,0,0,0
A5PX-01A,0.0,-0.051336158866603,-1.66747,0,0,1,0,0
A5RU-01A,0.0,-0.0421926934097421,-1.661127,0,0,1,0,0
A27B-01A,1.0,-0.364983683540274,-1.66945,1,0,0,0,0
A1LB-01A,0.0,0.0281350684495384,-1.740918,0,1,0,0,0
A0T7-01A,0.0,-0.275649872652022,-1.738883,0,0,1,0,0
A1AS-01A,1.0,-0.860904329831264,-1.583562,0,0,1,0,0
A2DI-01A,0.0,-0.13779552690226,-1.597005,0,0,1,0,0
A0H9-01A,0.0,-0.0285658627825533,-1.71512,0,0,1,0,0
A1R5-01A,0.0,-0.149494508118434,-1.738861,0,0,1,0,0
A24U-01A,0.0,-0.181601957975167,-1.640885,0,1,0,0,0
A0DV-01A,0.0,-0.026407911493155,-1.6445,0,0,1,0,0
A1L9-01A,0.0,-0.151030523718561,-1.747652,0,0,1,0,0
A0YM-01A,0.0,-0.174750636739892,-1.623242,1,0,0,0,0
A252-01A,0.0,-0.131785577841452,-1.647062,0,0,1,0,0
A2LH-01A,0.0,-0.0884553486150907,-1.615669,0,0,0,0,1
A3J0-01A,0.0,0.496209845590576,-1.606124,0,0,1,0,0
A0SO-01A,1.0,-0.658730539637058,-1.728137,1,0,0,0,0
A2FF-01A,0.0,-0.0444542741165234,-1.697013,0,0,1,0,0
A0H3-01A,0.0,-0.05448252944922,-1.707403,0,0,1,0,0
A0XN-01A,1.0,-0.379193807704553,-1.645518,0,0,1,0,0
A2QH-01A,1.0,0.617228549824896,-1.892184,1,0,0,0,0
A245-01A,0.0,-0.0212398917542184,-1.665627,0,0,1,0,0
A3IY-01A,0.0,-0.0049576170009551,-1.811481,0,0,1,0,0
A1XG-01A,0.0,-0.0404497771410379,-1.828233,0,0,1,0,0
A1JT-01A,0.0,-1.1034500159185,-1.597622,0,0,0,1,0
A1JP-01A,0.0,-0.603787965616046,-1.685297,0,0,1,0,0
A23E-01A,0.0,-0.553211835402738,-1.715565,0,0,1,0,0
A1KI-01A,0.0,0.0967536612543776,-1.712408,0,0,1,0,0
A0JB-01A,1.0,-0.630006407195161,-1.712682,0,0,0,0,1
A1KS-01A,0.0,-1.32537683062719,-1.688061,0,0,0,1,0
A66H-01A,0.0,-0.0215815027061445,-1.682465,0,0,1,0,0
A2DL-01A,1.0,-0.471277539000318,-1.578416,0,0,1,0,0
A0RS-01A,1.0,-0.585890162368672,-1.692222,0,1,0,0,0
A22G-01A,0.0,-0.602139525628781,-1.336102,1,0,0,0,0
A3J1-01A,0.0,0.0844580547596307,-1.658497,0,0,1,0,0
A2C9-01A,0.0,-0.303316977077364,-1.721719,1,0,0,0,0
A1NE-01A,0.0,0.0043758357211079,-1.745206,0,0,1,0,0
A1OZ-01A,1.0,-0.23546788443171,-1.605683,0,0,0,1,0
A6IW-01A,1.0,0.0027402499204075,-1.80241,1,0,0,0,0
A62X-01A,1.0,-0.767881248010188,-1.679532,1,0,0,0,0
A6FQ-01A,0.0,-0.192954871060172,-1.653231,0,0,1,0,0
A27L-01A,0.0,-0.0243572906717606,-1.685589,0,0,1,0,0
A1HO-01A,0.0,-0.794793338108883,-1.721308,0,0,1,0,0
A1P3-01A,0.0,-0.710878860235594,-1.663527,0,0,1,0,0
A26E-01A,0.0,-0.129026583890481,-1.657903,0,0,1,0,0
A0JA-01A,0.0,-0.509007203120025,-1.605794,0,0,1,0,0
AA12-01A,0.0,-0.0121195081184336,-1.715984,0,0,1,0,0
A1X9-01A,0.0,-0.767819484240688,-1.760589,0,0,1,0,0
A1Y1-01A,0.0,-0.397612384590895,-1.708914,0,0,0,1,0
A1JI-01A,0.0,0.0934416189111748,-1.610216,0,0,0,1,0
A7U7-01A,0.0,-0.0305799506526584,-1.725313,0,0,1,0,0
A1IJ-01A,0.0,-0.395304401464502,-1.692843,0,0,1,0,0
A2LE-01A,0.0,-0.678325055714741,-1.559289,0,0,1,0,0
A0IK-01A,1.0,-0.462450254695957,-1.819905,0,1,0,0,0
A4S3-01A,1.0,-0.378151782871697,-1.701799,0,0,0,1,0
A1XB-01A,0.0,0.0948696275071633,-1.681621,0,0,1,0,0
A1LH-01A,1.0,-0.240607847819166,-1.667562,1,0,0,0,0
A1EY-01A,1.0,-0.360372851002865,-1.703187,0,0,1,0,0
A1JS-01A,0.0,-0.0105193011779688,-1.589894,0,0,1,0,0
A0WZ-01A,0.0,-0.747306431072907,-1.56835,0,0,1,0,0
A6VX-01A,1.0,-0.969261501114295,-1.806966,0,0,0,1,0
A2OB-01A,0.0,-0.438172357529449,-1.905342,0,0,1,0,0
A0H6-01A,0.0,-0.0825108245781598,-1.590345,0,0,1,0,0
A6VR-01A,0.0,-0.0139693170964661,-1.640317,0,0,1,0,0
A1JC-01A,0.0,-0.617753541865648,-1.692693,0,0,0,1,0
A1LL-01A,0.0,-0.307985514167463,-1.680874,1,0,0,0,0
A0SJ-01A,0.0,-0.662637655205349,-1.594237,0,0,1,0,0
A2LM-01A,0.0,-0.582708890480739,-1.677748,0,0,1,0,0
A24N-01A,0.0,-0.139944325055715,-1.551418,0,0,0,1,0
A1JU-01A,0.0,-0.0588120423432028,-1.709737,0,0,1,0,0
A50Y-01A,0.0,-0.0250855619229545,-1.632443,0,0,1,0,0
A08O-01A,0.0,-0.597672397325692,-1.649927,0,0,1,0,0
A2JT-01A,0.0,-0.0476761381725565,-1.576988,0,0,1,0,0
A0CT-01A,0.0,-0.938214223177332,-1.531343,0,0,1,0,0
A6VY-01A,0.0,-0.376442494428526,-1.821411,1,0,0,0,0
A1XV-01A,0.0,-0.0031988220312002,-1.672731,0,0,1,0,0
A26V-01A,1.0,-0.649430038204393,-1.582058,0,0,0,1,0
A4S0-01A,0.0,0.0022854982489653,-1.744842,0,0,1,0,0
A1F8-01A,0.0,-0.534929719834448,-1.726038,0,0,0,1,0
A66J-01A,0.0,0.062389923591213,-1.730006,0,0,1,0,0
A1OV-01A,0.0,-0.587149196115887,-1.712117,0,1,0,0,0
A1AJ-01A,1.0,-0.152094396688953,-1.585353,1,0,0,0,0
A1PE-01A,0.0,-0.622583213944604,-1.631802,0,0,1,0,0
A4SA-01A,0.0,-0.406572946513849,-1.647704,0,0,1,0,0
A1IU-01A,0.0,-0.0048525151225724,-1.680494,0,0,1,0,0
A1QZ-01A,0.0,-0.290288562559694,-1.612358,0,0,1,0,0
A0HY-01A,1.0,-1.25128454313913,-1.539879,0,0,0,1,0
A1N5-01A,1.0,-0.532184654568609,-1.615583,0,0,1,0,0
A1IZ-01A,0.0,0.0151298949379179,-1.67098,0,0,1,0,0
A5DA-01A,0.0,-0.789329751671442,-1.712117,0,0,1,0,0
A1XF-01A,0.0,-0.599749721426297,-1.548183,0,0,0,1,0
A243-01A,1.0,-0.0755317971983445,-1.661134,1,0,0,0,0
A27T-01A,0.0,-0.51021764565425,-1.58147,0,0,1,0,0
A89A-01A,0.0,-0.390571752626552,-1.753926,0,0,1,0,0
A1XZ-01A,1.0,-0.580529687997453,-1.652803,0,0,0,1,0
A93S-01A,1.0,-0.544955507800064,-1.638861,0,1,0,0,0
A22H-01A,0.0,0.0027911095192613,-1.671449,0,0,0,1,0
AAAK-01A,0.0,-0.688968441579115,-1.685512,0,0,1,0,0
A42T-01A,0.0,-0.559418815663801,-1.749746,0,0,0,1,0
A0T6-01A,0.0,-0.0198509232728431,-1.658122,0,0,1,0,0
A24K-01A,0.0,0.0971002865329513,-1.646459,0,0,0,1,0
A2DN-01A,0.0,-0.0923026504297994,-1.655177,0,0,1,0,0
A2B8-01A,0.0,-0.0364698742438714,-1.694011,0,0,1,0,0
A7HQ-01A,0.0,0.0654173432028017,-1.685394,0,0,1,0,0
A3QA-01A,0.0,-0.162672158548233,-1.739221,1,0,0,0,0
A1EX-01A,0.0,0.0789155125756129,-1.679463,0,0,1,0,0
A4RY-01A,0.0,-0.0261577125119389,-1.86799,0,0,0,0,1
A6FR-01A,1.0,-0.120328677172875,-1.963609,1,0,0,0,0
A56D-01A,0.0,-0.684393107290672,-1.711024,0,0,1,0,0
A5YL-01A,0.0,-0.0123950971028335,-1.690342,0,0,1,0,0
A1FW-01A,0.0,-0.449103669213626,-1.630385,0,0,0,1,0
A0AD-01A,0.0,-0.704936644380771,-1.554647,0,0,1,0,0
A273-01A,0.0,-0.152357330468004,-1.677301,0,0,1,0,0
A0SG-01A,0.0,-0.01203358802929,-1.71749,0,0,1,0,0
A1FD-01A,1.0,-0.654639167462592,-1.625046,0,0,0,1,0
A0HA-01A,0.0,-0.582345988538682,-1.642762,0,0,1,0,0
A0SW-01A,1.0,-0.702142311365807,-1.659833,0,0,0,1,0
A1KN-01A,1.0,-0.520914557465775,-1.641546,0,0,0,1,0
A24Z-01A,0.0,-0.669778573702642,-1.587739,0,0,0,1,0
A3YI-01A,0.0,-0.0165301655523719,-1.755185,0,0,0,0,1
A14N-01A,1.0,-0.0700881088825215,-1.671132,1,0,0,0,0
A4RX-01A,0.0,-0.172367956064947,-1.68725,1,0,0,0,0
A2DF-01A,1.0,-0.291423113658071,-1.676223,1,0,0,0,0
A5YN-01A,0.0,0.377584009869468,-1.719399,0,0,1,0,0
A28Q-01A,0.0,-0.108495065265839,-1.600125,0,0,1,0,0
A27F-01A,0.0,0.166755690862783,-2.111821,1,0,0,0,0
A1PA-01A,1.0,-0.573168019738937,-1.703936,0,0,1,0,0
A0RV-01A,0.0,-0.459248169372811,-1.674317,0,0,1,0,0
A899-01A,0.0,4.63626233683512e-05,-1.74807,0,0,1,0,0
A0SY-01A,0.0,-0.701645893027698,-1.60671,0,0,1,0,0
A5IZ-01A,1.0,-0.529466690544413,-1.73555,1,0,0,0,0
A13G-01A,0.0,-0.0877830308818848,-1.596939,0,0,1,0,0
A8HQ-01A,0.0,-0.475216770136899,-1.83746,0,0,0,1,0
A0T5-01A,0.0,-0.109036373766316,-1.787526,0,0,1,0,0
A0TR-01A,0.0,-0.93540182266794,-1.549421,0,0,1,0,0
A0BS-01A,0.0,-0.0100779210442534,-1.608127,0,0,1,0,0
A3XW-01A,0.0,-0.103136142948106,-1.82932,0,0,0,0,1
A254-01A,1.0,-0.446797317733206,-1.719641,0,1,0,0,0
A1NG-01A,0.0,0.0132587153772684,-1.774206,0,0,1,0,0
A1OX-01A,0.0,-0.130002188793378,-1.67061,0,0,0,1,0
A0DQ-01A,0.0,-0.0459740130531678,-1.699804,0,0,1,0,0
A1LK-01A,0.0,0.111513252148997,-1.71145,1,0,0,0,0
A6SD-01A,1.0,-0.523394022604266,-1.720984,0,1,0,0,0
A26G-01A,1.0,-0.184368513212353,-1.647888,1,0,0,0,0
A0YD-01A,0.0,-0.0681591849729386,-1.548276,0,0,1,0,0
A5RV-01A,0.0,-0.106470431391277,-1.776512,0,0,1,0,0
A24S-01A,1.0,-0.440117199936326,-1.64821,0,0,0,1,0
A2FR-01A,0.0,-0.099458611907036,-1.780978,0,1,0,0,0
A0DI-01A,1.0,-0.351625596943649,-1.71036,0,0,1,0,0
A0HX-01A,1.0,-0.152020654250239,-1.622694,0,0,1,0,0
A0C3-01A,1.0,-0.0761938077045527,-1.63987,0,0,0,1,0
A5RY-01A,0.0,-0.134496856096784,-1.692895,0,0,0,0,1
A1RG-01A,0.0,-0.844888769500159,-1.92722,0,0,0,1,0
A6SB-01A,0.0,-0.231996816300541,-1.760017,1,0,0,0,0
A15K-01A,0.0,-0.0844483842725247,-1.618926,0,0,0,1,0
A1FZ-01A,0.0,-0.0453156638013372,-1.658406,0,0,1,0,0
A0JM-01A,0.0,-0.65562082139446,-1.594371,0,0,0,1,0
A1RI-01A,0.0,-0.541960760904171,-1.621628,0,0,1,0,0
A1RE-01A,0.0,-0.58111011620503,-1.655409,0,0,0,1,0
A1RB-01A,1.0,-0.562253104106972,-1.652783,0,0,0,1,0
A1HI-01A,0.0,-0.294293298312639,-1.738316,0,0,1,0,0
A5Q2-01A,0.0,-0.03319488220312,-1.728084,0,0,1,0,0
A1NH-01A,0.0,-0.233772405284941,-1.664088,0,0,1,0,0
A1IO-01A,0.0,-0.471646967526266,-1.739114,0,0,1,0,0
A0TW-01A,0.0,-0.496349928366762,-1.589524,0,0,1,0,0
A1JE-01A,0.0,-0.388467725246737,-1.720458,0,0,0,1,0
A0YT-01A,1.0,-0.301487344794651,-1.708304,0,0,0,1,0
A6SC-01A,0.0,-0.625829632282712,-1.77807,0,0,1,0,0
A1HJ-01A,1.0,-0.602915711556829,-1.779926,1,0,0,0,0
A1P6-01A,0.0,-0.056649076727157,-1.747294,0,0,1,0,0
A9QA-01A,0.0,0.243614374403056,-1.605048,0,0,0,1,0
A03L-01A,1.0,-0.525703677172875,-1.598894,0,0,1,0,0
A2QI-01A,0.0,-0.586265759312321,-1.708392,0,0,1,0,0
A278-01A,1.0,-0.355490369309137,-1.608283,0,1,0,0,0
A1F5-01A,0.0,0.0256716014008278,-1.638927,0,0,1,0,0
A2P6-01A,0.0,-0.872937838268067,-1.581684,0,0,1,0,0
A73X-01A,0.0,-0.0527320916905444,-1.704893,0,0,1,0,0
A574-01A,1.0,0.21809288443171,-1.725028,1,0,0,0,0
A73U-01A,0.0,-0.175373209169054,-1.769694,0,0,1,0,0
A1N9-01A,1.0,-0.425840655842089,-1.54947,1,0,0,0,0
A24T-01A,1.0,-0.351033030881885,-1.650004,0,0,1,0,0
A248-01A,0.0,-0.21625417860554,-1.651206,0,1,0,0,0
A0YH-01A,1.0,-0.360410219675263,-1.649214,0,0,0,1,0
A3YW-01A,0.0,-0.232873965297676,-1.739842,0,1,0,0,0
A2BM-01A,0.0,-0.167851122254059,-1.674867,0,0,0,1,0
A1XT-01A,1.0,-0.415131924546323,-1.747919,0,1,0,0,0
A5FK-01A,0.0,-0.0716039477873289,-1.714938,0,0,1,0,0
A1KO-01A,0.0,-0.007788005412289,-1.896354,0,0,0,0,1
A1IF-01A,0.0,-0.0296871219356893,-1.796472,0,0,1,0,0
A3XU-01A,0.0,0.0291219356892709,-1.879221,1,0,0,0,0
A42V-01A,0.0,-0.0145836517032792,-1.82334,0,0,1,0,0
A274-01A,0.0,-0.0560435768863419,-1.580498,0,0,0,1,0
A5QQ-01A,0.0,-0.231377546959567,-1.694465,1,0,0,0,0
A1J6-01A,0.0,-0.543288005412289,-1.664967,0,0,0,1,0
A5QN-01A,0.0,-0.5993117637695,-1.721189,0,0,1,0,0
A0TT-01A,0.0,-0.352161692136262,-1.602841,0,0,0,1,0
A0SX-01A,1.0,-0.145619508118434,-1.69631,1,0,0,0,0
A3XS-01A,0.0,-0.0676436246418338,-1.839382,1,0,0,0,0
A1JJ-01A,1.0,-0.47600529290035,-1.875644,0,0,0,1,0
A1FN-01A,1.0,-0.765535538045209,-1.89912,0,0,0,1,0
A1IE-01A,0.0,-0.643396211397644,-1.645617,0,0,1,0,0
A1J3-01A,0.0,-0.878562042343203,-1.606381,0,0,1,0,0
A4E4-01A,0.0,-0.698881407195161,-1.624832,0,0,1,0,0
A0T2-01A,1.0,-0.640684216809933,-1.838381,1,0,0,0,0
A1AI-01A,1.0,-0.223617319325056,-1.666534,1,0,0,0,0
A0YF-01A,0.0,0.0764419770773639,-1.563294,0,0,1,0,0
A2DK-01A,0.0,-0.238947190385228,-1.659988,0,0,1,0,0
A259-01A,0.0,0.367212551735116,-1.644052,0,0,1,0,0
A22E-01A,1.0,-0.12852952881248,-1.411498,0,0,0,1,0
A570-01A,0.0,-0.132649076727157,-1.703912,0,0,1,0,0
A1N3-01A,0.0,-0.0013684336198662,-1.324497,0,0,1,0,0
A2QJ-01A,0.0,-0.456853629417383,-1.661942,1,0,0,0,0
A5DE-01A,1.0,-0.37590994110156,-1.677874,0,0,1,0,0
A0YG-01A,1.0,-0.600482808022923,-1.560616,0,0,0,1,0
A3XV-01A,1.0,-0.711735394778733,-1.70229,0,1,0,0,0
A2FE-01A,0.0,0.0079974928366762,-1.645605,0,0,1,0,0
A1R3-01A,0.0,-0.0282839859917224,-1.814426,0,0,1,0,0
A4S1-01A,1.0,-0.361666109519261,-1.621659,1,0,0,0,0
A5EH-01A,1.0,-0.5230632362305,-1.722106,0,1,0,0,0
A0RT-01A,0.0,-0.12182541388093,-1.634204,1,0,0,0,0
A86G-01A,0.0,-0.567336875198981,-1.766175,0,0,1,0,0
A3YX-01A,0.0,0.107565982171283,-1.768471,0,0,1,0,0
A1JL-01A,1.0,-0.105694086278255,-1.721029,1,0,0,0,0
A2FW-01A,0.0,-0.0029420964660936,-1.72273,0,0,0,1,0
A3NW-01A,0.0,-0.0009065982171283,-1.749738,0,0,1,0,0
A1XR-01A,0.0,-0.019133476599809,-1.733428,0,0,0,1,0
A4SF-01A,0.0,-0.200191857688634,-1.639774,0,1,0,0,0
A1IG-01A,0.0,-0.841204433301496,-1.690887,0,0,1,0,0
A27P-01A,0.0,-0.0130438554600446,-1.735128,0,0,1,0,0
A1RC-01A,0.0,-0.249788522763451,-1.3957,0,0,1,0,0
A24L-01A,0.0,-0.425379855141675,-1.674688,0,0,1,0,0
A0GZ-01A,0.0,0.0865603311047437,-1.559649,0,0,1,0,0
A0YE-01A,0.0,-0.216496179560649,-1.691364,1,0,0,0,0
A40B-01A,0.0,-0.0174978112066221,-1.705951,0,0,1,0,0
A0RG-01A,0.0,-0.476658667621776,-1.596805,0,0,1,0,0
A2LN-01A,0.0,-0.0054593282394142,-1.585833,0,0,1,0,0
A5FL-01A,1.0,-0.348979584527221,-1.813122,1,0,0,0,0
A8LV-01A,1.0,-0.545435211716014,-1.822237,1,0,0,0,0
A441-01A,0.0,-0.128297835084368,-1.802073,0,0,0,0,1
A1IY-01A,0.0,-0.142708810888252,-1.705677,0,0,0,1,0
A1HF-01A,1.0,-0.498589660936008,-1.615815,0,1,0,0,0
A0JG-01A,0.0,-0.4936505889844,-1.666726,0,0,1,0,0
A66N-01A,0.0,-0.0427176854504935,-1.639871,0,0,1,0,0
A1B4-01A,0.0,0.0225871935689271,-1.595241,0,0,1,0,0
A0DK-01A,0.0,-0.484449816937281,-1.607054,0,0,1,0,0
A4S2-01A,0.0,-0.248452125119389,-1.634422,0,0,1,0,0
A8R5-01A,0.0,-0.0091243632601082,-1.729581,0,0,1,0,0
A249-01A,0.0,-0.0398256128621458,-1.614956,0,0,0,1,0
A1X7-01A,0.0,-0.878523997134671,-1.658711,0,0,0,1,0
A1KF-01A,0.0,-0.0623066300541229,-2.048454,1,0,0,0,0
A3NY-01A,0.0,-0.0013454313912766,-1.70087,0,0,1,0,0
A0RP-01A,0.0,0.0392679879019421,-1.512935,0,0,1,0,0
A1FH-01A,0.0,-0.174113936644381,-1.870602,0,0,1,0,0
A5RW-01A,0.0,-0.792438872970392,-1.701242,1,0,0,0,0
A73Y-01A,1.0,-0.313444842406877,-1.910563,1,0,0,0,0
A1JN-01A,0.0,-0.830392709328239,-1.586687,0,0,1,0,0
A24O-01A,0.0,-0.325352594715059,-1.691962,0,0,1,0,0
A9Q3-01A,0.0,-0.949629934734161,-1.648888,0,0,1,0,0
A7SZ-01A,0.0,-0.211106892709328,-1.735212,0,0,1,0,0
A255-01A,0.0,-0.374862782553327,-1.605925,0,0,1,0,0
A13D-01A,1.0,0.466045885068449,-1.761494,1,0,0,0,0
AB28-01A,0.0,0.0214357688634193,-1.632386,0,0,1,0,0
A74U-01A,0.0,-0.253902419611589,-1.810335,0,0,1,0,0
A0SE-01A,0.0,-0.525943449538364,-1.739423,0,0,1,0,0
A1BD-01A,0.0,-0.0519310729067176,-1.622217,0,0,1,0,0
A1JB-01A,0.0,-0.253709885386819,-1.797328,0,0,1,0,0
A0RE-01A,0.0,-0.437341571155683,-1.753925,1,0,0,0,0
A1EW-01A,0.0,-0.131562957656797,-1.586221,0,0,1,0,0
A6S9-01A,1.0,-0.603191937281121,-1.769088,0,0,1,0,0
A5XU-01A,1.0,-0.317367398917542,-1.768581,0,0,1,0,0
A25C-01A,0.0,-0.0042446673034065,-1.608527,0,0,0,1,0
A1HK-01A,1.0,-0.67441523400191,-1.671811,0,1,0,0,0
A1X8-01A,0.0,0.0272732808022923,-1.735143,0,0,1,0,0
A1RF-01A,0.0,-0.199598097739573,-1.374064,0,0,1,0,0
A1H2-01A,0.0,0.0322489255014327,-1.625989,0,0,1,0,0
A0JD-01A,1.0,-0.424132362304998,-1.621131,0,0,0,1,0
A66O-01A,0.0,-0.0681405603311047,-1.693652,0,0,1,0,0
A0EN-01A,0.0,-0.355234320280166,-1.624902,0,0,1,0,0
A409-01A,0.0,-0.186037169691181,-1.79548,1,0,0,0,0
A1P7-01A,0.0,-0.05012364692773,-1.736038,0,0,0,0,1
A5YM-01A,0.0,-0.760756248010188,-1.845087,0,0,0,1,0
A0BZ-01A,0.0,-0.239668815663801,-1.700731,0,0,0,1,0
A6NO-01A,0.0,-0.133061445399554,-1.7657,0,0,1,0,0
A1B0-01A,1.0,-0.280049944285259,-1.638019,0,1,0,0,0
AA14-01A,0.0,0.0119580149633875,-1.666617,0,0,1,0,0
A1JM-01A,1.0,-0.636093123209169,-1.740355,1,0,0,0,0
A0BF-01A,1.0,-0.347282911493155,-1.662084,0,0,0,1,0
A0BM-01A,0.0,-0.639041786055396,-1.627359,0,0,1,0,0
A1FR-01A,0.0,0.0016164836039477,-1.617959,0,0,1,0,0
A0JE-01A,1.0,-0.54383317414836,-1.633064,0,1,0,0,0
A3YJ-01A,0.0,-0.0622603072269978,-1.660611,0,0,1,0,0
A0C0-01A,0.0,-0.289527260426616,-1.594615,0,0,0,1,0
A2D9-01A,0.0,-0.0180230022285896,-1.558863,0,0,1,0,0
A1FJ-01A,0.0,-0.433560848455906,-1.569712,0,0,0,1,0
A23G-01A,0.0,0.0996577921044254,-1.671063,0,0,1,0,0
A1Y3-01A,1.0,-0.95267729226361,-1.192663,0,0,0,1,0
A0WX-01A,1.0,0.566061365807068,-1.672377,1,0,0,0,0
A8LZ-01A,1.0,-0.227547954473098,-1.813063,1,0,0,0,0
A1HE-01A,0.0,0.0085796720789557,-1.603301,0,0,1,0,0
A3HO-01A,0.0,-0.70178641356256,-1.653789,0,0,0,1,0
A0DS-01A,0.0,-0.26980253104107,-1.516839,0,0,1,0,0
A0WW-01A,0.0,0.0986999761222541,-1.581084,0,0,0,1,0
A54Y-01A,0.0,-0.973893465456861,-1.620885,0,0,0,1,0
A27R-01A,0.0,-0.417867995861191,-1.705502,0,0,0,1,0
AALJ-01A,0.0,-0.690534383954155,-1.722715,0,0,0,1,0
A124-01A,1.0,-0.460436843361987,-1.825054,1,0,0,0,0
A5PV-01A,0.0,0.0118053565743394,-1.706125,0,0,1,0,0
A247-01A,0.0,-0.542477992677491,-1.590095,0,0,1,0,0
A1P1-01A,0.0,0.0061924546322827,-1.664557,0,0,0,0,1
A3XZ-01A,0.0,-0.229780205348615,-1.691592,0,1,0,0,0
AA17-01A,0.0,-0.511632760267431,-1.674112,0,0,0,1,0
A1XW-01A,1.0,-0.317536731932506,-1.777192,0,0,0,0,1
A1R0-01A,0.0,-0.488451886341929,-1.612452,0,0,1,0,0
A0HK-01A,0.0,-0.809531439032155,-1.574614,0,0,1,0,0
A1NI-01A,0.0,-0.0196229305953518,-1.633021,0,0,0,1,0
A1P8-01A,1.0,-0.41965440942375,-1.734718,1,0,0,0,0
A0BC-01A,1.0,-0.565138689907673,-1.577172,0,0,1,0,0
A0YK-01A,0.0,-0.28512905921681,-1.629776,0,0,0,0,1
A1II-01A,1.0,-0.280305316778096,-1.669091,1,0,0,0,0
A1FG-01A,0.0,-0.990566698503661,-1.644723,0,0,1,0,0
A0SF-01A,0.0,-0.48326217765043,-1.742675,0,0,1,0,0
A1L7-01A,1.0,-0.590200453677173,-1.673825,0,0,0,1,0
A3TM-01A,0.0,-0.0393054361668259,-1.757523,0,0,1,0,0
A6VW-01A,1.0,-0.378365369309137,-1.681509,1,0,0,0,0
A203-01A,1.0,-0.403926973893664,-1.623386,0,1,0,0,0
A204-01A,0.0,0.195085561922954,-1.768572,0,0,0,1,0
A8F5-01A,1.0,-0.526471665074817,-1.713896,1,0,0,0,0
A0XP-01A,0.0,-0.671465417064629,-1.470485,0,0,1,0,0
A2DB-01A,1.0,-0.298200931232092,-1.65454,0,1,0,0,0
A1R6-01A,0.0,-0.464979067176059,-1.623175,0,0,1,0,0
A5YP-01A,1.0,0.0572039159503343,-2.070122,1,0,0,0,0
A1Y0-01A,0.0,-0.539685848455906,-1.705073,0,0,1,0,0
A0B3-01A,1.0,-0.293074140401146,-1.582649,1,0,0,0,0
A2DO-01A,0.0,0.0013363976440624,-1.612968,0,0,0,1,0
A3XG-01A,0.0,0.0032474132441897,-1.983701,0,0,1,0,0
A1EV-01A,0.0,-0.656568290353391,-1.486097,0,1,0,0,0
A1AR-01A,0.0,-0.336248686723973,-1.679768,1,0,0,0,0
A2FS-01A,0.0,-0.46419746895893,-1.656351,0,0,1,0,0
A0JC-01A,0.0,0.0014704711875199,-1.570721,0,0,1,0,0
A0AW-01A,1.0,-0.5528388252149,-1.608043,0,1,0,0,0
A202-01A,1.0,-0.512433659662528,-1.646721,0,0,0,1,0
A244-01A,1.0,-0.213872851002865,-1.701106,1,0,0,0,0
A2DM-01A,0.0,0.0009637854186564,-1.774148,0,0,1,0,0
A1L6-01A,0.0,-0.0169765202164916,-1.75147,0,0,1,0,0
A1X6-01A,0.0,-0.0099485832537408,-1.658427,0,0,0,1,0
A5QM-01A,0.0,-0.68638841133397,-1.665233,0,0,1,0,0
A1R2-01A,0.0,-0.571545009551098,-1.602344,0,0,1,0,0
A1EU-01A,0.0,-0.205415114613181,-1.577742,0,0,1,0,0
A27E-01A,0.0,0.0041062559694364,-1.682911,0,0,1,0,0
A5RX-01A,0.0,-0.067951488379497,-1.747377,0,0,1,0,0
A5RZ-01A,0.0,-0.877025827761859,-1.637948,0,1,0,0,0
A1LE-01A,0.0,-0.594516555237186,-1.600885,0,1,0,0,0
A04R-01A,0.0,-0.825763252148997,-1.521903,0,0,0,1,0
A26X-01A,1.0,-0.28244340974212,-1.627368,0,1,0,0,0
A1N4-01A,0.0,0.0597651225724292,-1.684818,0,0,1,0,0
A1XO-01A,0.0,0.0586039079910856,-1.700258,0,0,1,0,0
A0U2-01A,1.0,-0.346682505571474,-1.799372,0,0,0,1,0
A0WA-01A,1.0,-0.356967486469277,-1.681303,1,0,0,0,0
A5UP-01A,0.0,-0.976124323463865,-1.542223,0,0,1,0,0
A0RU-01A,1.0,-0.298192733205985,-1.892565,1,0,0,0,0
A22B-01A,0.0,-0.455963546641197,-1.345405,0,0,1,0,0
A13F-01A,0.0,-0.354872652021649,-1.609456,0,0,0,1,0
A0SN-01A,0.0,-0.440227833492518,-1.68375,0,0,0,1,0
A1AL-01A,0.0,-0.0424953040432983,-1.644835,0,0,1,0,0
A8OR-01A,0.0,-0.0101642788920726,-1.562372,0,0,1,0,0
A24H-01A,0.0,-0.647161572747533,-1.895703,0,0,0,1,0
A1J1-01A,0.0,-0.650533787010506,-1.735296,0,0,1,0,0
A5J0-01A,1.0,-0.445065265838905,-1.784325,0,0,1,0,0
A6VQ-01A,0.0,-0.0047094476281439,-1.753717,0,0,1,0,0
A1XU-01A,0.0,-0.388097142629736,-1.70241,0,0,1,0,0
A1R7-01A,0.0,-0.580701090417065,-1.74827,0,0,0,1,0
A3M8-01A,0.0,-0.718728072269978,-1.590887,0,0,0,1,0
A0X1-01A,1.0,-0.445939071951608,-1.572967,1,0,0,0,0
AA0Z-01A,1.0,-0.288424785100287,-1.679552,1,0,0,0,0
A4RW-01A,0.0,-0.482223495702006,-1.760116,0,0,1,0,0
A1IL-01A,0.0,-0.0383476201846546,-1.620465,0,0,1,0,0
A2LO-01A,0.0,0.0175413085004776,-1.70408,0,0,1,0,0
A1FE-01A,0.0,-0.380111787647246,-1.65989,0,0,1,0,0
A24V-01A,0.0,-0.422804162687042,-1.613571,0,0,1,0,0
A1AX-01A,0.0,-0.164391992995861,-1.659664,0,0,1,0,0
A0BA-01A,0.0,-0.447568807704553,-1.519796,0,0,1,0,0
A1IW-01A,0.0,-0.515182505571474,-1.664986,0,0,1,0,0
A1FM-01A,0.0,-0.424641157274753,-1.673689,0,0,0,1,0
A97C-01A,0.0,-0.182813276026743,-1.877597,0,0,0,0,1
A1FU-01A,1.0,-0.054227952881248,-1.667176,0,0,0,0,1
A3KD-01A,0.0,-0.562788721744667,-1.755004,0,0,1,0,0
A6R9-01A,0.0,-0.0394595670168736,-1.768135,0,0,0,0,1
A5QP-01A,0.0,-0.471508436803566,-1.808985,0,0,1,0,0
A8OP-01A,0.0,-0.566931550461636,-1.69665,0,0,1,0,0
A24A-01A,0.0,-0.0159171840178287,-1.597741,0,0,1,0,0
A26I-01A,1.0,-0.428473853868195,-1.735297,1,0,0,0,0
A5D8-01A,0.0,-0.858498726520217,-1.597244,0,0,1,0,0
A0SU-01A,0.0,-0.57289099808978,-1.739193,0,0,1,0,0
A1XC-01A,0.0,-0.0641334368035657,-1.599017,0,0,1,0,0
A2C8-01A,0.0,-0.884845312002547,-1.745333,0,0,1,0,0
A24Q-01A,1.0,0.408558381088825,-1.865047,1,0,0,0,0
A8OS-01A,0.0,-0.473527021649156,-1.732279,0,0,1,0,0
A1B5-01A,0.0,-0.160419333014963,-1.594674,0,0,1,0,0
A1PH-01A,0.0,-0.066214382362305,-1.897919,1,0,0,0,0
A28O-01A,0.0,-0.0035635148042024,-1.902382,0,0,0,0,1
A1HG-01A,1.0,-0.438171283030882,-1.736808,0,0,0,1,0
AAT0-01A,0.0,-0.545624801018784,-1.724319,0,0,1,0,0
A0T1-01A,1.0,-0.226304242279529,-1.583721,0,1,0,0,0
A2NL-01A,0.0,0.310084726201847,-1.702774,1,0,0,0,0
A5D7-01A,1.0,-0.23946629258198,-1.659838,1,0,0,0,0
A0U3-01A,0.0,-0.5313388252149,-1.607458,0,0,1,0,0
A1L8-01A,0.0,-0.305124840815027,-1.570168,0,0,1,0,0
A0YI-01A,0.0,-0.024316658707418,-1.595814,0,0,1,0,0
A13E-01A,0.0,-0.0906590257879656,-1.638829,1,0,0,0,0
AB41-01A,0.0,-0.480837113976441,-1.653646,0,0,1,0,0
A423-01A,0.0,-0.57525258675581,-1.68247,0,0,1,0,0
A1R4-01A,0.0,-0.379309017828717,-1.625233,0,0,0,1,0
A0JF-01A,0.0,-0.0047402897166507,-1.5584,0,0,1,0,0
A0DG-01A,0.0,-0.0740577045526902,-1.674547,0,0,1,0,0
A0TV-01A,1.0,0.0446665870741802,-1.535931,0,0,0,1,0
A1AM-01A,0.0,-0.2908358802929,-1.849905,0,0,1,0,0
A26W-01A,1.0,-0.547300421840178,-1.626347,0,0,0,1,0
A0B9-01A,1.0,-0.463211755810252,-1.617936,1,0,0,0,0
A1JF-01A,1.0,-0.0186437440305635,-1.688211,0,1,0,0,0
A26Z-01A,0.0,-0.715771688952563,-1.621561,0,0,1,0,0
A0X5-01A,0.0,-0.0050063276026743,-1.788334,0,0,0,1,0
A8LX-01A,0.0,0.133684694364852,-1.806159,0,0,1,0,0
A6HE-01A,0.0,-0.635436524992041,-1.703602,0,0,1,0,0
A1JH-01A,0.0,-0.0311867637695002,-1.655043,0,0,1,0,0
A209-01A,0.0,-0.301153533906399,-1.31873,0,0,0,1,0
A4E0-01A,0.0,-0.0277206303724928,-1.691425,0,0,1,0,0
A66K-01A,0.0,0.276702960840497,-1.702692,0,0,1,0,0
A7VC-01A,1.0,-0.0355663403374721,-1.88357,1,0,0,0,0
A4SD-01A,1.0,-0.259232211079274,-1.778233,1,0,0,0,0
A27W-01A,0.0,-0.262211755810252,-1.722267,0,0,0,1,0
A1B6-01A,0.0,-0.106564907672716,-1.613192,1,0,0,0,0
A3IZ-01A,0.0,-0.0138586039477873,-1.586433,0,0,1,0,0
A426-01A,0.0,-0.0797562082139446,-1.82038,0,0,1,0,0
A5ZW-01A,0.0,-0.0335926854504935,-1.766135,0,0,1,0,0
A1NF-01A,1.0,-0.431714422158548,-1.653737,0,0,0,1,0
AA15-01A,0.0,-0.0102877268385864,-1.744218,1,0,0,0,0
A1NC-01A,1.0,-0.32873400191022,-1.728215,1,0,0,0,0
A1EN-01A,0.0,-0.133863817255651,-1.657866,0,1,0,0,0
A0YL-01A,0.0,-0.316590894619548,-1.77259,0,0,1,0,0
A0XW-01A,0.0,-0.591073185291308,-1.631895,0,0,1,0,0
A40C-01A,0.0,-0.0276002865329513,-1.714263,0,0,1,0,0
A0RO-01A,0.0,-0.0498882919452404,-1.631079,0,0,1,0,0
A27N-01A,1.0,-0.64747429162687,-1.708761,0,0,0,1,0
A5D6-01A,1.0,-0.449858603947787,-1.717864,0,0,0,0,1
A0XO-01A,0.0,-0.699182187201528,-1.618406,0,0,1,0,0
A0I1-01A,1.0,-0.106898917542184,-1.708616,1,0,0,0,0
A0BT-01A,1.0,0.184222142629736,-1.593725,0,0,1,0,0
A401-01A,1.0,0.111701886341929,-1.65851,0,0,1,0,0
A1G4-01A,0.0,-0.802825772047119,-1.63803,0,0,0,1,0
A1FX-01A,0.0,0.14732812002547,-1.782548,0,0,0,1,0
A0B5-01A,0.0,-0.501461795606495,-1.629642,0,0,1,0,0
A1N8-01A,0.0,-0.748077801655524,-1.763739,1,0,0,0,0
A0CK-01A,0.0,-0.689276146131805,-1.754279,0,0,1,0,0
A1AY-01A,0.0,-0.562292581980261,-1.668767,1,0,0,0,0
A227-01A,0.0,-0.0128660458452722,-1.676871,0,0,1,0,0
A2LQ-01A,0.0,-0.0450847659980898,-1.732002,0,0,0,0,1
A1P4-01A,1.0,-0.374843799745304,-1.752653,1,0,0,0,0
A0SP-01A,1.0,-0.42034817733206,-1.661446,1,0,0,0,0
A4Z1-01A,0.0,-2.80961477236552e-05,-1.735078,0,0,1,0,0
A3W7-01A,0.0,-0.503285657433938,-1.807668,0,0,1,0,0
A408-01A,0.0,-0.586044094237504,-1.678759,0,0,1,0,0
A1AK-01A,0.0,-0.175301376950016,-1.644789,0,0,1,0,0
A3XY-01A,0.0,-0.209287289079911,-1.847601,1,0,0,0,0
A6ZF-01A,0.0,-0.481670606494747,-1.789982,0,0,0,1,0
A24P-01A,1.0,-0.588668576886342,-1.704578,0,0,1,0,0
A3X8-01A,0.0,-0.1716129417383,-1.655723,0,0,1,0,0
A1G1-01A,1.0,-0.278700334288443,-1.743262,1,0,0,0,0
A1HN-01A,0.0,-0.53011429481057,-1.699312,0,0,0,1,0
A24W-01A,0.0,-0.0267622970391595,-1.661918,0,0,1,0,0
A27K-01A,0.0,-0.0680942375039796,-1.640238,0,0,1,0,0
A5DD-01A,0.0,-0.598841252785737,-1.614643,0,0,1,0,0
A425-01A,0.0,-0.278436445399554,-1.748958,0,0,1,0,0
A5UO-01A,0.0,-0.99436811524992,-1.639654,0,0,0,1,0
A2FV-01A,0.0,-0.417945797516714,-1.666559,0,0,1,0,0
A27V-01A,0.0,-0.167998607131487,-1.574645,0,0,1,0,0
A2P5-01A,0.0,-0.50886958771092,-1.66173,0,0,1,0,0
A251-01A,1.0,0.454070638331741,-1.862958,1,0,0,0,0
A2DH-01A,1.0,-0.336210203756765,-1.58513,0,1,0,0,0
A3KC-01A,0.0,-0.0432115568290353,-1.674607,0,0,1,0,0
A0TX-01A,1.0,-0.452609996816301,-1.673543,0,1,0,0,0
AAAU-01A,0.0,-0.523663602355938,-1.600483,0,0,1,0,0
A4SE-01A,1.0,0.345731733524355,-1.765852,1,0,0,0,0
A229-01A,0.0,-0.515525310410697,-1.720074,0,0,1,0,0
A1AZ-01A,2.0,-0.201307903533906,-1.687374,1,0,0,0,0
A1ES-01A,0.0,-0.671694683221904,-1.664921,0,0,1,0,0
A208-01A,1.0,-0.268922795288125,-1.885347,0,0,0,0,1
A0E1-01A,0.0,-0.0377622572429163,-1.621352,0,0,1,0,0
A2DD-01A,1.0,-0.150813992359121,-1.641228,0,0,0,0,1
A14U-01A,0.0,0.011919094237504,-1.802061,0,0,1,0,0
A0D9-01A,0.0,-0.857766873607132,-1.520924,0,0,1,0,0
A1H3-01A,0.0,-0.581152379815345,-1.679545,0,0,1,0,0
A0CR-01A,0.0,-0.177343720152818,-1.697191,0,0,1,0,0
A440-01A,0.0,0.0180174307545368,-1.798392,0,0,1,0,0
A7T0-01A,0.0,-0.589689270932824,-1.691818,0,0,0,1,0
A0HB-01A,0.0,-0.674076607768227,-1.554555,0,0,1,0,0
A54X-01A,0.0,-0.953381844953836,-1.609168,0,0,0,1,0
A0RN-01A,0.0,-0.0370904966571156,-1.651509,0,0,1,0,0
A5S0-01A,0.0,-0.329344038522763,-1.773225,1,0,0,0,0
A1IH-01A,0.0,-0.457715138490926,-1.691515,0,0,1,0,0
A3XX-01A,1.0,-0.0171528573702642,-1.791896,1,0,0,0,0
A10C-01A,0.0,-0.233378780643107,-1.586815,0,0,0,1,0
A62Y-01A,0.0,-0.526733365170328,-1.705069,0,0,1,0,0
A0DP-01A,0.0,-0.466611907035976,-1.681458,0,0,1,0,0
A2FK-01A,0.0,-0.0012080547596306,-1.809781,0,0,0,0,1
A25A-01A,0.0,-0.269406200254696,-1.714578,0,0,0,0,1
A1JK-01A,1.0,-0.351359479465139,-1.659812,1,0,0,0,0
A0XV-01A,0.0,-0.0052436326010824,-1.571245,0,0,1,0,0
A1AN-01A,0.0,-0.409727913085005,-1.589554,0,0,1,0,0
