,Mut_TTN,CNA_TTN,Methyl_TTN,Basal,Her2,LumA,LumB,Normal
A0AU-01A,0.0,-0.105429799426934,3.131779,0,0,0,1,0
A1XM-01A,0.0,0.0121608564151544,3.305765,0,0,1,0,0
A0WY-01A,0.0,-0.043630770455269,2.302112,0,0,1,0,0
A1NA-01A,0.0,-0.0862447866921363,2.792194,0,0,0,1,0
A295-01A,1.0,-0.132408826806749,1.973377,0,0,1,0,0
A4ZE-01A,0.0,0.0419368035657434,2.781553,0,0,1,0,0
A256-01A,0.0,-0.131853510028653,1.862478,1,0,0,0,0
A6IV-01A,0.0,-0.0229533190066858,3.024933,0,0,1,0,0
A1J5-01A,2.0,-0.0275910140082776,0.947006,0,0,1,0,0
A5YO-01A,0.0,-0.0508775071633238,2.80342,0,1,0,0,0
A22D-01A,0.0,-0.0624366045845272,3.166074,0,0,0,1,0
A0JJ-01A,0.0,0.0179095431391277,2.903677,0,0,1,0,0
A22A-01A,0.0,-0.0003897246099968,3.797055,0,0,0,1,0
A8LY-01A,0.0,0.0055114215218083,2.796402,0,0,0,0,1
A8OQ-01A,0.0,-0.134664358484559,1.92447,1,0,0,0,0
A0H7-01A,0.0,-0.337938992359121,1.168067,0,0,1,0,0
A1FV-01A,0.0,0.697929918815664,3.232765,0,0,1,0,0
A0T0-01A,2.0,-0.0259431709646609,2.268472,1,0,0,0,0
A0ST-01A,0.0,-0.0256186326010825,2.634055,1,0,0,0,0
A2L8-01A,3.0,-0.0283072269977714,3.285704,0,0,1,0,0
A1AQ-01A,0.0,0.108962113976441,2.634299,1,0,0,0,0
A6IX-01A,0.0,0.0085280165552371,2.905182,0,0,1,0,0
A3TN-01A,0.0,-0.0106474052849411,2.675933,0,0,1,0,0
A24R-01A,0.0,-0.144504377586756,3.436444,0,0,0,1,0
A1FC-01A,0.0,-0.346763729703916,2.831306,1,0,0,0,0
A0JI-01A,0.0,-0.67680794333015,3.279362,0,0,1,0,0
A5XS-01A,2.0,-0.0089924785100286,0.8472379,0,0,1,0,0
A15I-01A,0.0,-0.0559808978032474,2.517614,0,0,1,0,0
A3Y0-01A,1.0,0.0463154250238777,2.535083,1,0,0,0,0
A1F2-01A,1.0,0.140121935689271,-0.03441084,0,0,0,1,0
A8R6-01A,0.0,-0.165170686087233,1.853174,0,0,0,1,0
A0YJ-01A,0.0,-0.293161373766316,1.558725,1,0,0,0,0
A73Z-01A,0.0,0.0663969277300223,2.289097,0,0,0,0,1
A24M-01A,0.0,-0.0889590496657116,2.760407,0,0,1,0,0
A1IN-01A,0.0,-0.461005133715377,2.070234,0,0,1,0,0
A1KP-01A,0.0,-0.0593493712193569,1.836397,0,0,0,1,0
A0YC-01A,0.0,-0.0326711636421522,2.966242,0,0,1,0,0
A1PG-01A,0.0,-0.0194863896848138,3.215795,0,0,0,0,1
A25D-01A,0.0,-0.062337511938873,2.799553,0,0,1,0,0
A66I-01A,0.0,-0.131125994906081,3.213259,1,0,0,0,0
A8FY-01A,1.0,-0.0965417462591531,1.994854,0,0,1,0,0
A0SI-01A,0.0,-0.0214451607768227,2.740166,0,0,0,1,0
A228-01A,0.0,-0.670764963387456,3.410362,0,0,0,1,0
A15J-01A,0.0,-0.0840698026106335,3.418293,0,0,1,0,0
A250-01A,0.0,-0.0342488459089462,2.302622,0,0,0,1,0
A2FO-01A,0.0,0.0014806192295447,2.694769,0,0,1,0,0
A1KR-01A,0.0,-0.114545009551098,2.786865,1,0,0,0,0
A6ZH-01A,0.0,-0.257431988220312,1.290326,0,0,1,0,0
A3U0-01A,0.0,-0.0422965616045845,2.176655,1,0,0,0,0
A0XU-01A,1.0,0.127315345431391,2.726678,1,0,0,0,0
A5DC-01A,0.0,0.104347341610952,0.7175861,0,0,1,0,0
A73W-01A,1.0,-0.0015694444444444,2.182498,0,0,1,0,0
A0H0-01A,0.0,-0.0079542343202801,2.977093,0,0,0,1,0
A0EU-01A,0.0,-0.454748527539,2.313413,0,0,1,0,0
A6R8-01A,0.0,-0.252388809296402,2.527602,0,0,1,0,0
A0W3-01A,0.0,0.10184964979306,2.986222,0,0,0,1,0
A3W5-01A,1.0,-0.161192414836039,2.778859,0,1,0,0,0
A3DX-01A,0.0,-0.0127244508118434,3.156716,0,0,1,0,0
A1ET-01A,0.0,-0.0134709487424387,2.554832,0,0,1,0,0
A740-01A,0.0,-0.0529589700732251,2.385699,0,0,1,0,0
A25F-01A,0.0,0.0011613737663164,3.145484,1,0,0,0,0
A0SK-01A,0.0,0.0615897803247374,3.282905,1,0,0,0,0
A2BK-01A,0.0,0.100646290990131,0.9065169,1,0,0,0,0
A573-01A,0.0,-0.0061567971983444,2.939208,1,0,0,0,0
AAZ6-01A,0.0,-0.1957017669532,2.589642,0,0,1,0,0
A13H-01A,0.0,-0.0099393505253104,3.302422,0,0,1,0,0
A1LG-01A,0.0,-0.0977067414836039,2.094198,1,0,0,0,0
A0XR-01A,0.0,-0.0624844794651385,2.691888,0,0,0,1,0
A0TP-01A,0.0,0.0520313992359121,3.165415,1,0,0,0,0
A0CO-01A,0.0,-0.0556602992677491,1.974737,0,0,1,0,0
A1AW-01A,0.0,-0.0510249124482649,3.151403,0,0,0,1,0
A1J2-01A,0.0,-0.0111554839223177,3.488579,0,0,1,0,0
A1OY-01A,0.0,-0.354457139446036,1.207756,0,0,0,1,0
A0HP-01A,1.0,0.0057234559057624,2.433127,0,0,1,0,0
A1Y2-01A,0.0,-0.0786550063673989,2.653275,0,0,0,1,0
A1AU-01A,0.0,0.0008529130850047,3.313865,0,0,1,0,0
A0DH-01A,0.0,0.0831103549824896,1.017099,0,0,1,0,0
A1XY-01A,0.0,-0.157516276663483,1.319134,0,0,1,0,0
A42U-01A,0.0,0.0061791228907991,2.931523,0,0,0,0,1
A275-01A,0.0,-0.142047835084368,3.328282,0,1,0,0,0
A3QP-01A,0.0,-0.0152297039159503,3.207418,0,0,1,0,0
A3OD-01A,0.0,-0.0111280643107291,3.241884,0,0,1,0,0
A6ZG-01A,0.0,-0.153865608086597,2.160792,0,0,1,0,0
A1LA-01A,0.0,-0.152713347659981,1.383826,0,0,1,0,0
A1IK-01A,0.0,-0.0065487901942056,2.51418,0,0,1,0,0
AA10-01A,0.0,-0.382088546641197,2.345651,1,0,0,0,0
A26F-01A,0.0,0.0569300382043935,2.678101,1,0,0,0,0
A25E-01A,0.0,-0.0225718720152818,2.165804,0,0,0,1,0
A8HR-01A,0.0,0.0135858802929004,2.771276,0,0,0,0,1
A3EH-01A,0.0,0.0344070757720471,2.98032,0,0,1,0,0
A1AP-01A,0.0,-0.0017187599490608,3.151126,0,0,1,0,0
A1J9-01A,1.0,0.0204445638331741,2.944894,0,0,0,1,0
A0WV-01A,0.0,-0.005734917223814,1.624116,0,0,0,1,0
A3RF-01A,0.0,0.001785617637695,2.790628,0,0,1,0,0
A2DA-01A,0.0,-0.0137397723654887,1.427163,0,0,1,0,0
A1G0-01A,0.0,-0.197081741483604,2.750311,0,0,1,0,0
A0XT-01A,0.0,-0.191328796561605,1.425499,0,0,1,0,0
A226-01A,0.0,-0.057129417382999,3.697518,0,0,0,1,0
A0X4-01A,0.0,-0.0299387535816619,2.962886,0,0,1,0,0
A0E2-01A,0.0,-0.609911930913722,2.720071,0,0,1,0,0
A0TZ-01A,0.0,0.203304441260745,3.629767,0,0,1,0,0
A1JD-01A,0.0,-0.0939564629099013,3.354111,0,0,0,1,0
A9QF-01A,0.0,-0.0021427491244826,2.548732,0,0,0,0,1
A0W4-01A,0.0,0.0125322747532633,3.320664,0,0,1,0,0
A25B-01A,1.0,-0.0478670805475963,2.527829,0,0,0,1,0
A1AO-01A,0.0,-0.0036788443170964,2.941643,0,0,0,0,1
A402-01A,0.0,0.023701329194524,2.928587,1,0,0,0,0
A1PB-01A,0.0,0.286475087551735,2.882423,1,0,0,0,0
A0RM-01A,0.0,-0.101529847182426,2.817373,0,0,1,0,0
A8HP-01A,0.0,0.12501882362305,2.219112,0,1,0,0,0
A0W5-01A,0.0,-0.0448201209805794,2.782015,0,0,1,0,0
A2KD-01A,0.0,0.0680678127984718,1.1378,0,0,0,1,0
A1P0-01A,1.0,-0.174575652658389,3.271464,0,0,0,1,0
A1HM-01A,2.0,-0.134914318688316,1.315268,0,0,0,1,0
A0SH-01A,0.0,-0.0202925819802611,2.828918,0,0,1,0,0
A0E0-01A,0.0,-0.410360593759949,2.885695,1,0,0,0,0
A201-01A,0.0,0.0247256844953836,2.662306,0,0,1,0,0
A26J-01A,0.0,-0.205379576567972,0.3160538,0,0,1,0,0
A66L-01A,0.0,0.0027755093919134,2.705583,0,0,1,0,0
A0WT-01A,0.0,-0.0350440146450175,2.054702,0,0,1,0,0
A0HI-01A,1.0,-0.0329658946195479,2.931579,0,0,1,0,0
A26H-01A,0.0,-0.120314032155365,2.925392,0,0,1,0,0
A1XA-01A,0.0,-0.482422317733206,0.7898942,0,0,1,0,0
A2LJ-01A,0.0,-0.0271975485514167,3.602168,0,0,1,0,0
A4SB-01A,0.0,-0.084316817892391,2.074057,0,0,1,0,0
A8G0-01A,0.0,-0.002233723336517,3.232603,0,0,1,0,0
A54N-01A,0.0,-0.21900664597262,2.411097,1,0,0,0,0
A1B1-01A,0.0,-0.013988299904489,3.079641,0,0,1,0,0
A1F6-01A,0.0,-0.348243751989812,2.970986,1,0,0,0,0
A2DC-01A,0.0,-0.184986270296084,3.325334,0,0,1,0,0
A0A6-01A,0.0,-0.213663164597262,2.930009,0,0,1,0,0
A1RD-01A,0.0,-0.0897280324737345,3.47494,0,0,1,0,0
A075-01A,0.0,-0.561344754855142,2.135194,0,0,0,1,0
A6VO-01A,0.0,-0.245304879019421,2.754098,1,0,0,0,0
A8FZ-01A,0.0,0.241271012416428,2.784489,0,0,0,0,1
A1EO-01A,0.0,-0.171592725246737,3.123371,0,0,1,0,0
A3XN-01A,0.0,-0.0616144141992996,3.412095,0,0,1,0,0
A576-01A,2.0,0.0786398042024833,2.189774,0,0,1,0,0
A6VV-01A,0.0,0.0042008118433619,1.791094,1,0,0,0,0
A0RI-01A,0.0,0.0033600366125437,2.479501,0,0,1,0,0
A1XL-01A,0.0,-0.157316061763769,3.495949,0,0,0,1,0
A1LI-01A,0.0,-0.150940862782553,2.808572,1,0,0,0,0
AB44-01A,0.0,-0.0055136501114295,2.93902,0,0,1,0,0
A7VB-01A,0.0,0.0254994030563515,1.690766,0,0,0,1,0
A0SV-01A,0.0,-0.174176018783827,1.197148,0,0,0,1,0
A3ZX-01A,0.0,-0.0220122970391595,3.230464,1,0,0,0,0
A6FP-01A,0.0,-0.0509534383954155,0.05781584,0,0,1,0,0
A1F0-01A,0.0,0.0973359996816301,2.520331,1,0,0,0,0
A1X5-01A,0.0,-0.103888212352754,1.273629,0,0,0,1,0
A0BJ-01A,0.0,-0.0357064629099013,2.879765,0,0,1,0,0
A23C-01A,0.0,-0.0391437440305635,2.750052,0,0,1,0,0
A5ZX-01A,0.0,-0.0190010347023241,2.826948,0,0,1,0,0
A1P5-01A,0.0,-0.220730579433301,2.553854,0,0,1,0,0
A0T4-01A,0.0,0.0474943489334607,3.070695,0,0,1,0,0
A2IU-01A,0.0,-0.0434839621139764,3.384836,0,0,1,0,0
A2JS-01A,0.0,-0.170427730022286,2.941909,0,0,0,1,0
A1RA-01A,0.0,-0.227383198026106,3.40228,0,0,1,0,0
A66U-01A,0.0,-0.0582441499522445,2.400044,0,0,1,0,0
A400-01A,0.0,-0.183441977077364,2.931879,1,0,0,0,0
A1IX-01A,0.0,0.0172079751671442,2.611829,0,0,1,0,0
A3Z6-01A,0.0,-0.146180316778096,2.888906,0,0,1,0,0
A3BB-01A,0.0,0.0435031041069723,2.466119,0,0,1,0,0
A56Z-01A,0.0,-0.11954958611907,2.448636,0,0,0,1,0
A3Q9-01A,0.0,-0.0215261063355619,1.210872,0,0,1,0,0
A27M-01A,1.0,0.202356017191977,2.485299,1,0,0,0,0
A0TQ-01A,0.0,-0.0639165074816937,2.856809,0,0,0,1,0
A1RH-01A,2.0,-0.131203915950334,1.149623,0,1,0,0,0
A0RL-01A,0.0,-0.25169623527539,2.07325,0,0,0,1,0
A0EP-01A,0.0,0.0112537408468641,3.348766,0,0,1,0,0
A1HL-01A,0.0,0.0882369070359758,0.7967955,0,0,0,1,0
AALK-01A,0.0,-0.0475625994906081,2.803441,0,0,1,0,0
A7W6-01A,0.0,-0.006290711556829,3.19541,0,0,1,0,0
A27I-01A,0.0,-0.0482485673352436,3.31873,0,0,1,0,0
A1KT-01A,0.0,-0.157687679083095,1.145623,0,0,0,1,0
A24X-01A,0.0,-0.0607360315186246,3.679009,0,0,1,0,0
A66P-01A,0.0,0.427808898439987,2.179039,0,1,0,0,0
A0GY-01A,1.0,-0.259226599808978,1.825645,0,0,1,0,0
A27A-01A,0.0,0.18098917542184,2.08143,0,0,0,1,0
A1G6-01A,0.0,0.005909781916587,3.318876,0,0,0,0,1
A2LK-01A,0.0,-0.39893405762496,3.078277,0,0,0,1,0
A3W6-01A,0.0,0.0150012734797835,2.682761,0,0,1,0,0
A3XL-01A,0.0,0.252967725246737,2.996517,1,0,0,0,0
A1XJ-01A,0.0,-0.239737424387138,3.276812,0,1,0,0,0
AA11-01A,0.0,-0.0106156876790831,3.096476,0,0,1,0,0
A3M7-01A,0.0,-0.123129775549188,2.95086,0,0,1,0,0
A0Y5-01A,0.0,-0.357218958930277,1.817631,0,0,1,0,0
A3HN-01A,0.0,-0.0152987901942057,3.099415,0,0,1,0,0
A0XS-01A,0.0,0.0420139684813754,2.505685,0,0,1,0,0
A1ND-01A,0.0,0.621738498885705,2.240325,1,0,0,0,0
A2FB-01A,0.0,-0.0060109439668895,3.412235,0,0,1,0,0
A0RX-01A,0.0,-0.106299904489016,2.830698,1,0,0,0,0
A1FL-01A,0.0,-0.039374323463865,3.048337,0,0,1,0,0
A3XT-01A,3.0,-0.250328637376632,3.2379,1,0,0,0,0
A0AZ-01A,0.0,-0.0068112862145813,3.164264,0,0,1,0,0
A1BC-01A,0.0,0.0423594794651385,3.51522,0,0,1,0,0
A3Z5-01A,0.0,-0.0535687281120662,2.863103,0,0,1,0,0
A0U0-01A,1.0,0.0384445240369309,2.56111,1,0,0,0,0
A5PX-01A,0.0,-0.031336158866603,2.960448,0,0,1,0,0
A5RU-01A,0.0,-0.0331926934097421,2.662809,0,0,1,0,0
A27B-01A,0.0,0.0890163164597262,3.275388,1,0,0,0,0
A1LB-01A,0.0,0.0411350684495384,3.48657,0,1,0,0,0
A0T7-01A,0.0,-0.125649872652022,2.631438,0,0,1,0,0
A1AS-01A,1.0,-0.228904329831264,2.726901,0,0,1,0,0
A2DI-01A,0.0,0.0082044730977395,3.219372,0,0,1,0,0
A0H9-01A,1.0,-0.135565862782553,1.597781,0,0,1,0,0
A1R5-01A,0.0,-0.130494508118434,2.301401,0,0,1,0,0
A24U-01A,1.0,-0.111601957975167,2.610021,0,1,0,0,0
A0DV-01A,0.0,-0.021407911493155,3.241669,0,0,1,0,0
A1L9-01A,0.0,-0.043030523718561,3.159906,0,0,1,0,0
A0YM-01A,0.0,0.177249363260108,3.565522,1,0,0,0,0
A252-01A,0.0,0.0212144221585482,3.194845,0,0,1,0,0
A2LH-01A,0.0,-0.0164553486150907,2.928392,0,0,0,0,1
A3J0-01A,0.0,-0.207790154409424,2.546983,0,0,1,0,0
A0SO-01A,1.0,0.0672694603629417,3.065222,1,0,0,0,0
A2FF-01A,0.0,-0.0884542741165234,3.458171,0,0,1,0,0
A0H3-01A,0.0,-0.04648252944922,3.379509,0,0,1,0,0
A0XN-01A,0.0,0.995806192295447,3.312861,0,0,1,0,0
A2QH-01A,0.0,-0.0327714501751035,2.101722,1,0,0,0,0
A245-01A,0.0,-0.0182398917542184,2.631146,0,0,1,0,0
A3IY-01A,0.0,0.0090423829990448,3.092169,0,0,1,0,0
A1XG-01A,0.0,-0.0054497771410378,3.124862,0,0,1,0,0
A1JT-01A,0.0,-0.264450015918497,2.197157,0,0,0,1,0
A1JP-01A,1.0,-0.0107879656160458,2.914886,0,0,1,0,0
A23E-01A,0.0,-0.170211835402738,2.998498,0,0,1,0,0
A1KI-01A,0.0,-0.158246338745622,2.709077,0,0,1,0,0
A0JB-01A,0.0,0.615993592804839,2.559541,0,0,0,0,1
A1KS-01A,0.0,-0.553376830627189,3.256786,0,0,0,1,0
A66H-01A,0.0,-0.0285815027061445,2.401906,0,0,1,0,0
A2DL-01A,0.0,0.0417224609996816,3.143356,0,0,1,0,0
A0RS-01A,0.0,0.216109837631328,0.7175667,0,1,0,0,0
A22G-01A,0.0,-0.555139525628781,3.379526,1,0,0,0,0
A3J1-01A,0.0,-0.0955419452403693,3.349901,0,0,1,0,0
A2C9-01A,0.0,0.370683022922636,2.718338,1,0,0,0,0
A1NE-01A,0.0,0.0183758357211079,3.122002,0,0,1,0,0
A1OZ-01A,0.0,-0.0424678844317097,2.778818,0,0,0,1,0
A6IW-01A,0.0,-0.246259750079592,2.896195,1,0,0,0,0
A62X-01A,0.0,-0.289881248010188,2.351809,1,0,0,0,0
A6FQ-01A,0.0,-0.165954871060172,2.240232,0,0,1,0,0
A27L-01A,0.0,-0.0203572906717606,2.275903,0,0,1,0,0
A1HO-01A,0.0,-0.0167933381088825,3.677178,0,0,1,0,0
A1P3-01A,0.0,-0.0808788602355938,2.239912,0,0,1,0,0
A26E-01A,0.0,0.100973416109519,3.304366,0,0,1,0,0
A0JA-01A,0.0,0.104992796879975,3.176003,0,0,1,0,0
AA12-01A,0.0,0.0058804918815663,1.177271,0,0,1,0,0
A1X9-01A,0.0,-0.724819484240688,1.586573,0,0,1,0,0
A1Y1-01A,0.0,-0.368612384590895,2.36189,0,0,0,1,0
A1JI-01A,0.0,-0.255558381088825,1.62297,0,0,0,1,0
A7U7-01A,0.0,-0.0055799506526583,3.137302,0,0,1,0,0
A1IJ-01A,0.0,-0.0393044014645018,3.154879,0,0,1,0,0
A2LE-01A,1.0,-0.0093250557147405,1.750663,0,0,1,0,0
A0IK-01A,0.0,0.0825497453040433,3.124075,0,1,0,0,0
A4S3-01A,0.0,0.100848217128303,2.108596,0,0,0,1,0
A1XB-01A,0.0,-0.201130372492837,3.413237,0,0,1,0,0
A1LH-01A,0.0,-0.0816078478191659,3.045261,1,0,0,0,0
A1EY-01A,0.0,0.134627148997135,2.837292,0,0,1,0,0
A1JS-01A,0.0,-0.0145193011779688,2.916322,0,0,1,0,0
A0WZ-01A,0.0,0.389693568927093,2.909568,0,0,1,0,0
A6VX-01A,0.0,-0.444261501114295,2.105748,0,0,0,1,0
A2OB-01A,0.0,-0.0231723575294492,2.774468,0,0,1,0,0
A0H6-01A,0.0,-0.12451082457816,2.659539,0,0,1,0,0
A6VR-01A,0.0,-0.0549693170964661,2.933711,0,0,1,0,0
A1JC-01A,0.0,-0.0567535418656479,1.303958,0,0,0,1,0
A1LL-01A,0.0,0.0640144858325374,2.260649,1,0,0,0,0
A0SJ-01A,0.0,-0.222637655205349,2.811742,0,0,1,0,0
A2LM-01A,0.0,-0.0437088904807386,3.869974,0,0,1,0,0
A24N-01A,1.0,-0.0889443250557147,3.144275,0,0,0,1,0
A1JU-01A,0.0,-0.0718120423432028,3.304495,0,0,1,0,0
A50Y-01A,0.0,-0.0540855619229545,3.218668,0,0,1,0,0
A08O-01A,0.0,-0.565672397325692,3.114463,0,0,1,0,0
A2JT-01A,0.0,0.0023238618274434,3.028041,0,0,1,0,0
A0CT-01A,0.0,-0.404214223177332,2.156013,0,0,1,0,0
A6VY-01A,0.0,-0.0024424944285259,1.420937,1,0,0,0,0
A1XV-01A,0.0,-0.2101988220312,2.518965,0,0,1,0,0
A26V-01A,1.0,0.0495699617956065,2.413942,0,0,0,1,0
A4S0-01A,0.0,0.0022854982489653,2.414567,0,0,1,0,0
A1F8-01A,1.0,0.237070280165552,0.7210615,0,0,0,1,0
A66J-01A,0.0,0.055389923591213,1.334161,0,0,1,0,0
A1OV-01A,1.0,0.0668508038841133,1.244063,0,1,0,0,0
A1AJ-01A,1.0,0.0399056033110474,3.010073,1,0,0,0,0
A1PE-01A,0.0,-0.245583213944604,2.512162,0,0,1,0,0
A4SA-01A,0.0,0.0094270534861509,1.681354,0,0,1,0,0
A1IU-01A,0.0,-0.0258525151225724,1.951878,0,0,1,0,0
A1QZ-01A,0.0,-0.112288562559694,2.953989,0,0,1,0,0
A0HY-01A,0.0,-0.131284543139128,3.197145,0,0,0,1,0
A1N5-01A,0.0,0.0038153454313912,3.553414,0,0,1,0,0
A1IZ-01A,0.0,0.0141298949379179,2.656343,0,0,1,0,0
A5DA-01A,0.0,-0.0713297516714422,3.490897,0,0,1,0,0
A1XF-01A,0.0,-0.164749721426297,3.679566,0,0,0,1,0
A243-01A,0.0,-0.0565317971983445,2.645001,1,0,0,0,0
A27T-01A,0.0,-0.14421764565425,2.122004,0,0,1,0,0
A89A-01A,0.0,-0.132571752626552,1.948883,0,0,1,0,0
A1XZ-01A,0.0,-0.093529687997453,0.9062471,0,0,0,1,0
A93S-01A,1.0,-0.126955507800064,0.8434438,0,1,0,0,0
A22H-01A,0.0,-0.0112088904807386,3.296742,0,0,0,1,0
AAAK-01A,0.0,-0.322968441579115,2.898149,0,0,1,0,0
A42T-01A,0.0,0.0895811843361987,3.472908,0,0,0,1,0
A0T6-01A,0.0,-0.0428509232728431,3.333677,0,0,1,0,0
A24K-01A,0.0,-0.248899713467049,3.437376,0,0,0,1,0
A2DN-01A,0.0,-0.0373026504297994,3.03044,0,0,1,0,0
A2B8-01A,1.0,-0.0534698742438714,2.168791,0,0,1,0,0
A7HQ-01A,0.0,-0.0125826567971983,2.659321,0,0,1,0,0
A3QA-01A,0.0,0.0043278414517669,2.976353,1,0,0,0,0
A1EX-01A,0.0,-0.234084487424387,1.838762,0,0,1,0,0
A4RY-01A,0.0,-0.0041577125119388,3.109264,0,0,0,0,1
A6FR-01A,0.0,-0.336328677172875,2.396668,1,0,0,0,0
A56D-01A,0.0,0.0936068927093282,1.663187,0,0,1,0,0
A5YL-01A,0.0,-0.0053950971028334,3.289567,0,0,1,0,0
A1FW-01A,1.0,-0.375103669213626,1.646386,0,0,0,1,0
A0AD-01A,0.0,0.0620633556192295,1.03393,0,0,1,0,0
A273-01A,0.0,-0.0853573304680038,2.773515,0,0,1,0,0
A0SG-01A,0.0,-0.03503358802929,2.016841,0,0,1,0,0
A1FD-01A,1.0,0.794360832537409,1.92002,0,0,0,1,0
A0HA-01A,1.0,-0.0233459885386819,2.717839,0,0,1,0,0
A0SW-01A,0.0,-0.140142311365807,1.623578,0,0,0,1,0
A1KN-01A,0.0,-0.133914557465775,1.890591,0,0,0,1,0
A24Z-01A,1.0,-0.0887785737026425,1.500679,0,0,0,1,0
A3YI-01A,0.0,-0.0175301655523719,3.281225,0,0,0,0,1
A14N-01A,0.0,-0.351088108882522,3.365014,1,0,0,0,0
A4RX-01A,0.0,-0.135367956064947,2.968142,1,0,0,0,0
A2DF-01A,0.0,-0.260423113658071,2.573032,1,0,0,0,0
A5YN-01A,0.0,0.0865840098694683,2.530671,0,0,1,0,0
A28Q-01A,0.0,-0.0504950652658389,3.294837,0,0,1,0,0
A27F-01A,0.0,-0.422244309137217,3.218221,1,0,0,0,0
A1PA-01A,0.0,0.0818319802610634,2.315071,0,0,1,0,0
A0RV-01A,0.0,-0.0202481693728112,3.051584,0,0,1,0,0
A899-01A,0.0,-0.0909536373766316,3.028619,0,0,1,0,0
A0SY-01A,2.0,-0.0536458930276982,3.44444,0,0,1,0,0
A5IZ-01A,0.0,-0.493466690544413,2.863319,1,0,0,0,0
A13G-01A,0.0,-0.0797830308818848,2.90713,0,0,1,0,0
A8HQ-01A,0.0,0.0777832298631009,2.554567,0,0,0,1,0
A0T5-01A,0.0,-0.106036373766316,2.958983,0,0,1,0,0
A0TR-01A,0.0,-0.0824018226679401,1.826553,0,0,1,0,0
A0BS-01A,0.0,-0.0270779210442534,2.280645,0,0,1,0,0
A3XW-01A,0.0,0.0018638570518943,3.349578,0,0,0,0,1
A254-01A,0.0,-0.122797317733206,3.253879,0,1,0,0,0
A1NG-01A,0.0,0.0012587153772683,2.544739,0,0,1,0,0
A1OX-01A,0.0,-0.0460021887933779,1.52337,0,0,0,1,0
A0DQ-01A,0.0,-0.0329740130531678,0.5226151,0,0,1,0,0
A1LK-01A,1.0,-0.0054867478510028,2.637724,1,0,0,0,0
A6SD-01A,0.0,0.0906059773957338,2.480982,0,1,0,0,0
A26G-01A,0.0,0.0186314867876472,2.400805,1,0,0,0,0
A0YD-01A,0.0,-0.0771591849729386,3.37245,0,0,1,0,0
A5RV-01A,0.0,-0.0544704313912767,2.813732,0,0,1,0,0
A24S-01A,0.0,0.107882800063674,1.259716,0,0,0,1,0
A2FR-01A,0.0,-0.104458611907036,2.396473,0,1,0,0,0
A0DI-01A,1.0,-0.0196255969436485,3.079428,0,0,1,0,0
A0HX-01A,1.0,-0.465020654250239,1.982244,0,0,1,0,0
A0C3-01A,0.0,0.0108061922954473,3.355099,0,0,0,1,0
A5RY-01A,0.0,0.0285031439032155,3.057673,0,0,0,0,1
A1RG-01A,0.0,0.574111230499841,0.7994787,0,0,0,1,0
A6SB-01A,0.0,-0.0269968163005412,2.024805,1,0,0,0,0
A15K-01A,0.0,-0.0474483842725247,0.1529036,0,0,0,1,0
A1FZ-01A,0.0,-0.0663156638013372,3.250434,0,0,1,0,0
A0JM-01A,0.0,-0.19162082139446,2.318694,0,0,0,1,0
A1RI-01A,0.0,-0.174960760904171,3.693019,0,0,1,0,0
A1RE-01A,0.0,-0.59611011620503,1.851198,0,0,0,1,0
A1RB-01A,0.0,-0.472253104106972,2.985456,0,0,0,1,0
A1HI-01A,0.0,-0.138293298312639,3.03381,0,0,1,0,0
A5Q2-01A,0.0,-0.02719488220312,3.203009,0,0,1,0,0
A1NH-01A,0.0,0.0652275947150589,3.002118,0,0,1,0,0
A1IO-01A,0.0,0.0153530324737345,1.762114,0,0,1,0,0
A0TW-01A,0.0,-0.474349928366762,1.652141,0,0,1,0,0
A1JE-01A,0.0,0.0575322747532633,1.805998,0,0,0,1,0
A0YT-01A,1.0,-0.290487344794651,-0.1181547,0,0,0,1,0
A6SC-01A,0.0,-0.0018296322827125,2.220066,0,0,1,0,0
A1HJ-01A,0.0,0.152084288443171,2.710313,1,0,0,0,0
A1P6-01A,0.0,-0.132649076727157,2.153262,0,0,1,0,0
A9QA-01A,0.0,-0.0163856255969437,2.506119,0,0,0,1,0
A03L-01A,0.0,0.0222963228271251,0.7827086,0,0,1,0,0
A2QI-01A,0.0,-0.0372657593123209,1.632036,0,0,1,0,0
A278-01A,0.0,-0.0014903693091372,3.196034,0,1,0,0,0
A1F5-01A,0.0,-0.0043283985991722,2.979985,0,0,1,0,0
A2P6-01A,2.0,-0.0429378382680675,3.553203,0,0,1,0,0
A73X-01A,0.0,-0.0887320916905444,2.892453,0,0,1,0,0
A574-01A,0.0,-0.0089071155682903,2.823255,1,0,0,0,0
A73U-01A,0.0,0.0216267908309456,2.187485,0,0,1,0,0
A1N9-01A,0.0,0.245159344157911,3.383447,1,0,0,0,0
A24T-01A,0.0,0.0569669691181153,3.721192,0,0,1,0,0
A248-01A,0.0,-0.0542541786055396,1.747782,0,1,0,0,0
A0YH-01A,1.0,-0.346410219675263,1.339917,0,0,0,1,0
A3YW-01A,0.0,1.36712603470232,2.435666,0,1,0,0,0
A2BM-01A,0.0,-0.368851122254059,3.214553,0,0,0,1,0
A1XT-01A,0.0,0.0588680754536772,2.490426,0,1,0,0,0
A5FK-01A,0.0,-0.0756039477873289,3.113095,0,0,1,0,0
A1KO-01A,0.0,0.0002119945877109,3.032226,0,0,0,0,1
A1IF-01A,0.0,-0.0446871219356893,3.155991,0,0,1,0,0
A3XU-01A,0.0,-0.134878064310729,2.149431,1,0,0,0,0
A42V-01A,0.0,-0.0085836517032792,3.158231,0,0,1,0,0
A274-01A,0.0,0.378956423113658,3.300146,0,0,0,1,0
A5QQ-01A,0.0,-0.056377546959567,2.554259,1,0,0,0,0
A1J6-01A,0.0,-0.480288005412289,2.238621,0,0,0,1,0
A5QN-01A,0.0,-0.0173117637695002,3.258244,0,0,1,0,0
A0TT-01A,0.0,-0.0721616921362623,2.453456,0,0,0,1,0
A0SX-01A,0.0,0.131380491881566,2.729587,1,0,0,0,0
A3XS-01A,0.0,-0.557643624641834,3.055834,1,0,0,0,0
A1JJ-01A,0.0,0.0389947070996498,2.431429,0,0,0,1,0
A1FN-01A,0.0,0.224464461954791,1.996994,0,0,0,1,0
A1IE-01A,2.0,0.0406037886023559,2.380714,0,0,1,0,0
A1J3-01A,0.0,-0.131562042343203,3.639527,0,0,1,0,0
A4E4-01A,0.0,0.0541185928048392,2.398498,0,0,1,0,0
A0T2-01A,0.0,-0.593684216809933,2.630738,1,0,0,0,0
A1AI-01A,0.0,-0.0366173193250557,1.531093,1,0,0,0,0
A0YF-01A,0.0,0.0254419770773639,1.684014,0,0,1,0,0
A2DK-01A,0.0,-0.0169471903852276,2.685981,0,0,1,0,0
A259-01A,0.0,-0.0557874482648838,3.477696,0,0,1,0,0
A22E-01A,0.0,-0.0935295288124801,2.996815,0,0,0,1,0
A570-01A,0.0,-0.125649076727157,3.287239,0,0,1,0,0
A1N3-01A,0.0,-0.0223684336198663,2.938079,0,0,1,0,0
A2QJ-01A,0.0,-0.113853629417383,1.56814,1,0,0,0,0
A5DE-01A,1.0,-0.02290994110156,2.146113,0,0,1,0,0
A0YG-01A,0.0,-0.197482808022923,2.58261,0,0,0,1,0
A3XV-01A,0.0,-0.0077353947787328,3.212866,0,1,0,0,0
A2FE-01A,0.0,-0.0230025071633238,3.282272,0,0,1,0,0
A1R3-01A,0.0,-0.0592839859917224,1.865556,0,0,1,0,0
A4S1-01A,0.0,0.153333890480739,1.468809,1,0,0,0,0
A5EH-01A,0.0,0.0269367637695002,2.356852,0,1,0,0,0
A0RT-01A,0.0,-0.0168254138809296,3.204443,1,0,0,0,0
A86G-01A,0.0,-0.0913368751989812,3.337797,0,0,1,0,0
A3YX-01A,0.0,-0.647434017828717,3.120155,0,0,1,0,0
A1JL-01A,0.0,-0.0896940862782553,3.069551,1,0,0,0,0
A2FW-01A,0.0,-0.529942096466094,2.697018,0,0,0,1,0
A3NW-01A,0.0,-0.0489065982171283,3.154818,0,0,1,0,0
A1XR-01A,0.0,-0.285133476599809,1.596253,0,0,0,1,0
A4SF-01A,0.0,0.0848081423113658,-0.8922537,0,1,0,0,0
A1IG-01A,0.0,-0.0572044333014963,2.171573,0,0,1,0,0
A27P-01A,0.0,-0.0190438554600446,2.904057,0,0,1,0,0
A1RC-01A,2.0,-0.343788522763451,3.494142,0,0,1,0,0
A24L-01A,0.0,0.0376201448583254,2.168175,0,0,1,0,0
A0GZ-01A,0.0,0.0785603311047437,3.687869,0,0,1,0,0
A0YE-01A,0.0,0.678503820439351,0.9854218,1,0,0,0,0
A40B-01A,0.0,-0.0674978112066221,2.622786,0,0,1,0,0
A0RG-01A,0.0,-0.0446586676217765,1.229214,0,0,1,0,0
A2LN-01A,1.0,-0.0264593282394142,3.23483,0,0,1,0,0
A5FL-01A,0.0,0.182020415472779,2.43177,1,0,0,0,0
A8LV-01A,0.0,-0.462435211716014,2.871848,1,0,0,0,0
A441-01A,0.0,0.0017021649156319,2.887371,0,0,0,0,1
A1IY-01A,0.0,0.134291189111748,3.28834,0,0,0,1,0
A1HF-01A,0.0,-0.460589660936008,3.350851,0,1,0,0,0
A0JG-01A,0.0,0.0293494110156001,3.240889,0,0,1,0,0
A66N-01A,0.0,-0.0467176854504935,2.126495,0,0,1,0,0
A1B4-01A,0.0,0.000587193568927,3.535083,0,0,1,0,0
A0DK-01A,0.0,0.0395501830627189,2.673551,0,0,1,0,0
A4S2-01A,0.0,-0.181452125119389,3.080132,0,0,1,0,0
A8R5-01A,0.0,-0.113124363260108,2.881286,0,0,1,0,0
A249-01A,0.0,-0.312825612862146,3.288105,0,0,0,1,0
A1X7-01A,0.0,-0.10452399713467,1.914416,0,0,0,1,0
A1KF-01A,0.0,-0.108306630054123,2.50468,1,0,0,0,0
A3NY-01A,0.0,-0.0303454313912767,3.397405,0,0,1,0,0
A0RP-01A,1.0,0.0472679879019421,2.384935,0,0,1,0,0
A1FH-01A,0.0,-0.0871139366443808,3.160713,0,0,1,0,0
A5RW-01A,0.0,0.340561127029608,2.84801,1,0,0,0,0
A73Y-01A,1.0,0.457555157593123,2.801654,1,0,0,0,0
A1JN-01A,2.0,0.0016072906717605,2.016566,0,0,1,0,0
A24O-01A,0.0,0.0226474052849411,2.958766,0,0,1,0,0
A9Q3-01A,1.0,-0.171629934734161,2.474985,0,0,1,0,0
A7SZ-01A,0.0,-0.265106892709328,2.252784,0,0,1,0,0
A255-01A,0.0,-0.010862782553327,2.586658,0,0,1,0,0
A13D-01A,0.0,0.18804588506845,2.193748,1,0,0,0,0
AB28-01A,0.0,-0.0065642311365807,2.543919,0,0,1,0,0
A74U-01A,0.0,-0.278902419611589,2.782889,0,0,1,0,0
A0SE-01A,0.0,-0.0099434495383635,3.275087,0,0,1,0,0
A1BD-01A,0.0,-0.219931072906718,3.469191,0,0,1,0,0
A1JB-01A,0.0,-0.0157098853868195,2.788846,0,0,1,0,0
A0RE-01A,0.0,-0.0433415711556829,2.532955,1,0,0,0,0
A1EW-01A,0.0,-0.140562957656797,3.229146,0,0,1,0,0
A6S9-01A,0.0,-0.143191937281121,1.609458,0,0,1,0,0
A5XU-01A,0.0,-0.0933673989175422,2.858266,0,0,1,0,0
A25C-01A,1.0,0.0427553326965934,2.776122,0,0,0,1,0
A1HK-01A,0.0,-0.27741523400191,0.5521647,0,1,0,0,0
A1X8-01A,0.0,0.0072732808022922,2.549745,0,0,1,0,0
A1RF-01A,1.0,0.143401902260427,3.226316,0,0,1,0,0
A1H2-01A,0.0,0.102248925501433,-0.02932804,0,0,1,0,0
A0JD-01A,0.0,-0.472132362304998,1.189334,0,0,0,1,0
A66O-01A,0.0,0.0088594396688952,1.567237,0,0,1,0,0
A0EN-01A,1.0,-0.0062343202801655,3.187791,0,0,1,0,0
A409-01A,0.0,-0.115037169691181,1.968934,1,0,0,0,0
A1P7-01A,1.0,-0.00712364692773,2.66162,0,0,0,0,1
A5YM-01A,0.0,-0.0147562480101878,2.507806,0,0,0,1,0
A0BZ-01A,1.0,-0.0056688156638013,2.600168,0,0,0,1,0
A6NO-01A,0.0,-0.140061445399554,2.39693,0,0,1,0,0
A1B0-01A,0.0,-0.0990499442852595,1.666819,0,1,0,0,0
AA14-01A,0.0,-0.556041985036613,2.732886,0,0,1,0,0
A1JM-01A,0.0,0.123906876790831,2.878453,1,0,0,0,0
A0BF-01A,1.0,0.019717088506845,2.889783,0,0,0,1,0
A0BM-01A,0.0,0.0029582139446036,2.814899,0,0,1,0,0
A1FR-01A,0.0,0.0036164836039477,3.159446,0,0,1,0,0
A0JE-01A,1.0,-0.0038331741483604,2.787509,0,1,0,0,0
A3YJ-01A,0.0,-0.0652603072269978,3.303431,0,0,1,0,0
A0C0-01A,0.0,-0.105527260426616,2.50627,0,0,0,1,0
A2D9-01A,2.0,-0.0110230022285896,2.426517,0,0,1,0,0
A1FJ-01A,0.0,-0.0565608484559057,2.543751,0,0,0,1,0
A23G-01A,0.0,-0.0913422078955747,3.096195,0,0,1,0,0
A1Y3-01A,0.0,-0.42967729226361,3.012616,0,0,0,1,0
A0WX-01A,0.0,0.0180613658070678,2.485488,1,0,0,0,0
A8LZ-01A,0.0,-0.167547954473098,2.465399,1,0,0,0,0
A1HE-01A,0.0,0.0145796720789557,3.552283,0,0,1,0,0
A3HO-01A,0.0,-0.65378641356256,3.298115,0,0,0,1,0
A0DS-01A,0.0,-0.31480253104107,2.909782,0,0,1,0,0
A0WW-01A,0.0,0.0216999761222541,2.599215,0,0,0,1,0
A54Y-01A,0.0,-0.507893465456861,2.22226,0,0,0,1,0
A27R-01A,0.0,-0.127867995861191,3.203695,0,0,0,1,0
AALJ-01A,1.0,-0.377534383954155,1.837315,0,0,0,1,0
A124-01A,0.0,0.0645631566380134,0.7275863,1,0,0,0,0
A5PV-01A,0.0,0.0028053565743393,2.535241,0,0,1,0,0
A247-01A,0.0,-0.139477992677491,2.569045,0,0,1,0,0
A1P1-01A,0.0,-0.0038075453677172,3.572261,0,0,0,0,1
A3XZ-01A,0.0,0.175219794651385,3.27294,0,1,0,0,0
AA17-01A,0.0,-0.0646327602674308,3.014866,0,0,0,1,0
A1XW-01A,0.0,-0.235536731932506,1.989761,0,0,0,0,1
A1R0-01A,0.0,0.0005481136580706,1.857496,0,0,1,0,0
A0HK-01A,0.0,-0.0655314390321554,2.110617,0,0,1,0,0
A1NI-01A,0.0,-0.522622930595352,2.488301,0,0,0,1,0
A1P8-01A,0.0,-0.46165440942375,2.906608,1,0,0,0,0
A0BC-01A,0.0,0.0208613100923273,2.668298,0,0,1,0,0
A0YK-01A,1.0,0.0108709407831901,2.991144,0,0,0,0,1
A1II-01A,0.0,-0.313305316778096,2.0158,1,0,0,0,0
A1FG-01A,0.0,-0.109566698503661,2.987944,0,0,1,0,0
A0SF-01A,0.0,-0.10126217765043,2.076424,0,0,1,0,0
A1L7-01A,0.0,0.188799546322827,3.638089,0,0,0,1,0
A3TM-01A,0.0,-0.0273054361668259,3.463525,0,0,1,0,0
A6VW-01A,0.0,0.187634630690863,2.359702,1,0,0,0,0
A203-01A,1.0,0.0960730261063356,3.335202,0,1,0,0,0
A204-01A,0.0,0.0290855619229545,0.7807597,0,0,0,1,0
A8F5-01A,2.0,-0.477471665074817,2.706344,1,0,0,0,0
A0XP-01A,0.0,-0.256465417064629,2.138783,0,0,1,0,0
A2DB-01A,0.0,0.143799068767908,1.126226,0,1,0,0,0
A1R6-01A,0.0,-0.168979067176059,3.582214,0,0,1,0,0
A5YP-01A,0.0,0.0182039159503343,2.486064,1,0,0,0,0
A1Y0-01A,0.0,-0.0606858484559058,2.04677,0,0,1,0,0
A0B3-01A,0.0,0.940925859598854,2.744109,1,0,0,0,0
A2DO-01A,0.0,-0.0076636023559376,2.515035,0,0,0,1,0
A3XG-01A,0.0,0.0012474132441897,3.544854,0,0,1,0,0
A1EV-01A,0.0,-0.222568290353391,3.371079,0,1,0,0,0
A1AR-01A,0.0,0.0617513132760267,2.857536,1,0,0,0,0
A2FS-01A,0.0,0.0508025310410697,3.343014,0,0,1,0,0
A0JC-01A,0.0,-0.0155295288124801,3.212373,0,0,1,0,0
A0AW-01A,0.0,0.2001611747851,3.011988,0,1,0,0,0
A202-01A,0.0,-0.515433659662528,3.354748,0,0,0,1,0
A244-01A,0.0,-0.141872851002865,2.876194,1,0,0,0,0
A2DM-01A,0.0,0.0069637854186564,3.662559,0,0,1,0,0
A1L6-01A,0.0,-0.0329765202164916,2.510195,0,0,1,0,0
A1X6-01A,0.0,-0.369948583253741,1.118824,0,0,0,1,0
A5QM-01A,0.0,-0.19738841133397,2.364428,0,0,1,0,0
A1R2-01A,0.0,0.0054549904489016,3.258411,0,0,1,0,0
A1EU-01A,0.0,0.0105848853868195,3.107173,0,0,1,0,0
A27E-01A,0.0,-0.0018937440305635,2.788579,0,0,1,0,0
A5RX-01A,0.0,-0.082951488379497,3.282277,0,0,1,0,0
A5RZ-01A,0.0,-0.0940258277618593,1.364689,0,1,0,0,0
A1LE-01A,0.0,0.334483444762814,1.997449,0,1,0,0,0
A04R-01A,1.0,0.0282367478510029,2.264282,0,0,0,1,0
A26X-01A,1.0,0.11655659025788,2.774502,0,1,0,0,0
A1N4-01A,0.0,-0.495234877427571,1.888431,0,0,1,0,0
A1XO-01A,0.0,0.0786039079910856,2.997171,0,0,1,0,0
A0U2-01A,0.0,0.0253174944285259,2.003103,0,0,0,1,0
A0WA-01A,0.0,0.325032513530723,2.584337,1,0,0,0,0
A5UP-01A,0.0,-0.416124323463865,3.028897,0,0,1,0,0
A0RU-01A,0.0,-0.277192733205985,3.038026,1,0,0,0,0
A22B-01A,0.0,0.0150364533588029,3.393624,0,0,1,0,0
A13F-01A,0.0,-0.221872652021649,2.389047,0,0,0,1,0
A0SN-01A,1.0,-0.360227833492518,2.943028,0,0,0,1,0
A1AL-01A,0.0,-0.0314953040432983,2.546973,0,0,1,0,0
A8OR-01A,0.0,0.0268357211079274,2.381296,0,0,1,0,0
A24H-01A,0.0,-0.243161572747533,2.936628,0,0,0,1,0
A1J1-01A,0.0,-0.221533787010506,1.700592,0,0,1,0,0
A5J0-01A,0.0,-0.0810652658389048,2.498945,0,0,1,0,0
A6VQ-01A,0.0,-0.0117094476281439,2.540143,0,0,1,0,0
A1XU-01A,0.0,0.305902857370264,2.741409,0,0,1,0,0
A1R7-01A,0.0,-0.0097010904170646,2.09464,0,0,0,1,0
A3M8-01A,0.0,-0.0657280722699777,2.817495,0,0,0,1,0
A0X1-01A,0.0,0.398060928048392,2.746408,1,0,0,0,0
AA0Z-01A,0.0,-0.269424785100287,2.588287,1,0,0,0,0
A4RW-01A,0.0,0.0437765042979943,3.129271,0,0,1,0,0
A1IL-01A,0.0,-0.0223476201846546,2.519338,0,0,1,0,0
A2LO-01A,0.0,0.0105413085004776,3.149965,0,0,1,0,0
A1FE-01A,0.0,0.0178882123527539,3.261558,0,0,1,0,0
A24V-01A,0.0,-0.199804162687042,1.829187,0,0,1,0,0
A1AX-01A,0.0,-0.0393919929958612,3.29019,0,0,1,0,0
A0BA-01A,0.0,-0.394568807704553,1.159994,0,0,1,0,0
A1IW-01A,1.0,0.026817494428526,3.277597,0,0,1,0,0
A1FM-01A,0.0,-0.543641157274753,1.499628,0,0,0,1,0
A97C-01A,0.0,-0.160813276026743,2.609768,0,0,0,0,1
A1FU-01A,0.0,-0.020227952881248,2.648688,0,0,0,0,1
A3KD-01A,0.0,-0.0607887217446673,3.262622,0,0,1,0,0
A6R9-01A,1.0,-0.146459567016874,2.47871,0,0,0,0,1
A5QP-01A,0.0,-0.0905084368035657,3.338844,0,0,1,0,0
A8OP-01A,0.0,-0.0929315504616364,2.888141,0,0,1,0,0
A24A-01A,0.0,-0.0379171840178287,2.960612,0,0,1,0,0
A26I-01A,0.0,-0.0724738538681948,3.015334,1,0,0,0,0
A5D8-01A,0.0,-0.852498726520217,3.209427,0,0,1,0,0
A0SU-01A,0.0,-0.0118909980897803,2.978295,0,0,1,0,0
A1XC-01A,0.0,-0.0471334368035657,2.276024,0,0,1,0,0
A2C8-01A,2.0,-0.034845312002547,2.235042,0,0,1,0,0
A24Q-01A,1.0,0.864558381088825,2.713995,1,0,0,0,0
A8OS-01A,0.0,-0.0195270216491563,3.053991,0,0,1,0,0
A1B5-01A,0.0,-0.0374193330149634,3.392152,0,0,1,0,0
A1PH-01A,0.0,-0.251214382362305,1.665484,1,0,0,0,0
A28O-01A,0.0,-0.0035635148042024,3.322851,0,0,0,0,1
A1HG-01A,0.0,-0.295171283030882,2.704691,0,0,0,1,0
AAT0-01A,1.0,-0.0036248010187838,2.74806,0,0,1,0,0
A0T1-01A,0.0,-0.126304242279529,2.727995,0,1,0,0,0
A2NL-01A,1.0,-0.425915273798154,3.757424,1,0,0,0,0
A5D7-01A,1.0,0.0825337074180197,3.020337,1,0,0,0,0
A0U3-01A,0.0,-0.5723388252149,1.876607,0,0,1,0,0
A1L8-01A,0.0,0.103875159184973,1.782261,0,0,1,0,0
A0YI-01A,0.0,-0.011316658707418,2.989352,0,0,1,0,0
A13E-01A,0.0,-0.564659025787966,1.17596,1,0,0,0,0
AB41-01A,0.0,0.0351628860235594,2.738608,0,0,1,0,0
A423-01A,1.0,-0.54425258675581,3.266065,0,0,1,0,0
A1R4-01A,2.0,0.180690982171283,2.06682,0,0,0,1,0
A0JF-01A,0.0,-0.0097402897166507,2.923038,0,0,1,0,0
A0DG-01A,0.0,-0.0540577045526902,3.518181,0,0,1,0,0
A0TV-01A,0.0,-0.26733341292582,1.409505,0,0,0,1,0
A1AM-01A,0.0,-0.1128358802929,3.019322,0,0,1,0,0
A26W-01A,0.0,0.596699578159822,0.8597873,0,0,0,1,0
A0B9-01A,0.0,0.0667882441897485,3.030706,1,0,0,0,0
A1JF-01A,0.0,-0.168643744030564,2.629673,0,1,0,0,0
A26Z-01A,0.0,-0.614771688952563,2.22517,0,0,1,0,0
A0X5-01A,0.0,0.0209936723973257,0.1006003,0,0,0,1,0
A8LX-01A,0.0,-0.214315305635148,2.777029,0,0,1,0,0
A6HE-01A,0.0,-0.0144365249920408,2.776762,0,0,1,0,0
A1JH-01A,0.0,-0.0311867637695002,2.071227,0,0,1,0,0
A209-01A,0.0,0.0618464660936008,3.429956,0,0,0,1,0
A4E0-01A,0.0,-0.228720630372493,2.95539,0,0,1,0,0
A66K-01A,0.0,0.0417029608404967,2.482924,0,0,1,0,0
A7VC-01A,0.0,-0.579566340337472,1.34545,1,0,0,0,0
A4SD-01A,0.0,-0.0942322110792741,1.306178,1,0,0,0,0
A27W-01A,0.0,-0.191211755810252,2.721496,0,0,0,1,0
A1B6-01A,0.0,-0.0075649076727156,3.070404,1,0,0,0,0
A3IZ-01A,0.0,-0.770858603947787,2.933843,0,0,1,0,0
A426-01A,0.0,-0.0057562082139446,2.448613,0,0,1,0,0
A5ZW-01A,0.0,-0.0275926854504935,3.252348,0,0,1,0,0
A1NF-01A,0.0,0.473285577841452,2.771971,0,0,0,1,0
AA15-01A,0.0,0.0187122731614136,2.071692,1,0,0,0,0
A1NC-01A,0.0,0.0852659980897803,2.565362,1,0,0,0,0
A1EN-01A,0.0,0.217136182744349,1.436295,0,1,0,0,0
A0YL-01A,0.0,0.0134091053804521,2.039764,0,0,1,0,0
A0XW-01A,1.0,-0.0070731852913085,3.423734,0,0,1,0,0
A40C-01A,0.0,-0.0696002865329513,3.028642,0,0,1,0,0
A0RO-01A,0.0,-0.0438882919452404,2.660518,0,0,1,0,0
A27N-01A,0.0,-0.0304742916268704,3.436681,0,0,0,1,0
A5D6-01A,0.0,0.0811413960522127,3.054422,0,0,0,0,1
A0XO-01A,0.0,-0.126182187201528,2.858636,0,0,1,0,0
A0I1-01A,0.0,-0.044898917542184,1.696635,1,0,0,0,0
A0BT-01A,0.0,-0.208777857370264,0.766053,0,0,1,0,0
A401-01A,0.0,-0.121298113658071,2.103263,0,0,1,0,0
A1G4-01A,0.0,-0.0618257720471188,3.213441,0,0,0,1,0
A1FX-01A,0.0,-0.29567187997453,1.218037,0,0,0,1,0
A0B5-01A,0.0,0.0575382043935053,1.370829,0,0,1,0,0
A1N8-01A,0.0,0.143922198344476,2.419841,1,0,0,0,0
A0CK-01A,0.0,-0.0012761461318051,3.16391,0,0,1,0,0
A1AY-01A,0.0,-0.513292581980261,2.972359,1,0,0,0,0
A227-01A,0.0,-0.0178660458452722,2.454921,0,0,1,0,0
A2LQ-01A,0.0,-0.0250847659980898,3.452175,0,0,0,0,1
A1P4-01A,0.0,-0.088843799745304,2.294641,1,0,0,0,0
A0SP-01A,0.0,-0.0303481773320598,2.427422,1,0,0,0,0
A4Z1-01A,0.0,-0.0020280961477236,2.786903,0,0,1,0,0
A3W7-01A,0.0,0.0297143425660618,3.13145,0,0,1,0,0
A408-01A,0.0,-0.181044094237504,2.548877,0,0,1,0,0
A1AK-01A,1.0,-0.117301376950016,2.296116,0,0,1,0,0
A3XY-01A,0.0,0.0107127109200892,2.983567,1,0,0,0,0
A6ZF-01A,0.0,-0.111670606494747,1.947741,0,0,0,1,0
A24P-01A,0.0,-0.0276685768863419,3.368653,0,0,1,0,0
A3X8-01A,0.0,-0.1616129417383,3.176904,0,0,1,0,0
A1G1-01A,1.0,-0.249700334288443,2.841031,1,0,0,0,0
A1HN-01A,0.0,-0.15611429481057,1.918318,0,0,0,1,0
A24W-01A,0.0,-0.150762297039159,2.620135,0,0,1,0,0
A27K-01A,0.0,-0.0660942375039796,3.350772,0,0,1,0,0
A5DD-01A,0.0,-0.017841252785737,2.493796,0,0,1,0,0
A425-01A,0.0,-0.280436445399554,2.367652,0,0,1,0,0
A5UO-01A,0.0,0.0566318847500796,1.854933,0,0,0,1,0
A2FV-01A,0.0,-0.156945797516714,1.888427,0,0,1,0,0
A27V-01A,0.0,-0.161998607131487,1.769169,0,0,1,0,0
A2P5-01A,0.0,-0.54886958771092,3.424596,0,0,1,0,0
A251-01A,0.0,-0.300929361668259,2.80523,1,0,0,0,0
A2DH-01A,0.0,0.0507897962432346,2.834248,0,1,0,0,0
A3KC-01A,0.0,-0.0372115568290353,2.872128,0,0,1,0,0
A0TX-01A,2.0,-0.0226099968163005,1.436168,0,1,0,0,0
AAAU-01A,0.0,-0.355663602355938,0.502019,0,0,1,0,0
A4SE-01A,0.0,0.257731733524355,2.708895,1,0,0,0,0
A229-01A,0.0,0.0584746895893028,3.207879,0,0,1,0,0
A1AZ-01A,0.0,0.161692096466094,3.214148,1,0,0,0,0
A1ES-01A,0.0,-0.181694683221904,3.282937,0,0,1,0,0
A208-01A,0.0,-0.0349227952881248,1.405948,0,0,0,0,1
A0E1-01A,0.0,-0.0677622572429163,3.341895,0,0,1,0,0
A2DD-01A,0.0,-0.0118139923591213,2.869517,0,0,0,0,1
A14U-01A,0.0,-0.006080905762496,3.468712,0,0,1,0,0
A0D9-01A,0.0,-0.101766873607131,2.44304,0,0,1,0,0
A1H3-01A,0.0,-0.109152379815345,3.136716,0,0,1,0,0
A0CR-01A,0.0,0.0336562798471824,2.861757,0,0,1,0,0
A440-01A,0.0,-0.0249825692454632,3.096133,0,0,1,0,0
A7T0-01A,1.0,-0.249689270932824,3.362334,0,0,0,1,0
A0HB-01A,0.0,-0.0330766077682267,2.710469,0,0,1,0,0
A54X-01A,0.0,-0.123381844953836,2.70539,0,0,0,1,0
A0RN-01A,0.0,-0.0790904966571156,2.437204,0,0,1,0,0
A5S0-01A,0.0,0.0576559614772365,3.033335,1,0,0,0,0
A1IH-01A,1.0,-0.126715138490926,3.063055,0,0,1,0,0
A3XX-01A,0.0,-0.0341528573702642,3.097283,1,0,0,0,0
A10C-01A,1.0,0.0136212193568927,1.423376,0,0,0,1,0
A62Y-01A,0.0,0.273266634829672,2.473197,0,0,1,0,0
A0DP-01A,0.0,-0.0976119070359758,2.35144,0,0,1,0,0
A2FK-01A,0.0,0.0017919452403693,3.274007,0,0,0,0,1
A25A-01A,0.0,0.013593799745304,3.389008,0,0,0,0,1
A1JK-01A,1.0,0.432640520534862,1.329237,1,0,0,0,0
A0XV-01A,0.0,-0.0072436326010824,3.415995,0,0,1,0,0
A1AN-01A,0.0,-0.423727913085005,2.836566,0,0,1,0,0
